index,price
0,114.39799
1,143.52235
2,59.33516
3,55.331158
4,222.54472
5,118.54212
6,66.44866
7,123.24381
8,123.69239
9,104.236435
10,139.09782
11,58.975315
12,60.12074
13,240.4103
14,106.803955
15,72.20584
16,128.14104
17,128.80309
18,172.89021
19,126.90531
20,171.16685
21,196.40942
22,168.98056
23,120.20184
24,106.61032
25,119.24353
26,89.81151
27,293.61655
28,174.95671
29,128.49991
30,176.81435
31,199.04556
32,171.07169
33,121.796425
34,108.09385
35,120.83811
36,98.389
37,91.29504
38,368.43796
39,357.24323
40,355.15494
41,151.0614
42,222.36833
43,100.75261
44,197.49069
45,94.00658
46,367.5505
47,202.39703
48,400.7438
49,139.8924
50,72.712265
51,83.00897
52,139.1235
53,150.41148
54,99.37618
55,135.9503
56,131.7808
57,145.83127
58,176.1091
59,135.59383
60,252.8765
61,86.76345
62,59.79962
63,143.59543
64,216.50116
65,73.958664
66,159.517
67,97.9048
68,132.59271
69,128.3776
70,146.073
71,176.73883
72,133.21469
73,252.49796
74,86.6461
75,58.098755
76,145.20648
77,212.76042
78,71.335464
79,158.41415
80,188.95184
81,192.57991
82,303.19022
83,59.78939
84,143.68642
85,149.00774
86,230.31657
87,212.51653
88,113.89926
89,219.37524
90,74.48479
91,112.67583
92,147.16064
93,149.69907
94,159.02032
95,201.51329
96,148.78288
97,280.14334
98,86.6461
99,55.30119
100,153.64854
101,219.28029
102,71.682106
103,167.82684
104,111.887924
105,149.1341
106,149.66293
107,158.98419
108,205.95995
109,148.74675
110,281.37747
111,86.6461
112,55.30119
113,148.21472
114,260.18738
115,72.92757
116,171.57129
117,220.31137
118,203.32957
119,282.89584
120,48.332424
121,144.90155
122,142.11693
123,230.2226
124,246.62393
125,114.07638
126,224.77654
127,75.54814
128,155.18283
129,164.91225
130,112.98033
131,127.42016
132,227.3102
133,390.96753
134,106.037155
135,128.46533
136,203.14195
137,354.48566
138,145.72853
139,78.61193
140,88.90863
141,141.5219
142,76.26069
143,86.74055
144,117.33461
145,158.40155
146,81.68047
147,105.43221
148,82.46493
149,114.31448
150,117.19866
151,147.44568
152,111.80021
153,130.7366
154,173.15984
155,123.1588
156,124.61846
157,84.166245
158,125.39701
159,190.40138
160,161.71384
161,258.87097
162,270.81598
163,168.89867
164,171.92473
165,172.39395
166,121.086205
167,129.47595
168,74.87311
169,123.24882
170,186.53581
171,169.74347
172,270.12543
173,261.278
174,166.87323
175,170.5081
176,318.32486
177,297.94894
178,295.61237
179,133.09921
180,205.14973
181,86.87088
182,179.99742
183,86.74544
184,279.09683
185,184.70656
186,318.00766
187,323.70737
188,297.5943
189,300.6578
190,136.74715
191,206.49391
192,87.21752
193,179.77573
194,85.91557
195,312.33252
196,184.18863
197,338.48187
198,313.58453
199,296.8574
200,310.92474
201,136.18713
202,202.1979
203,89.76002
204,179.77573
205,85.318115
206,311.54993
207,185.63205
208,332.6028
209,328.4542
210,315.35794
211,311.42337
212,149.38574
213,215.9654
214,92.626495
215,190.55644
216,94.35849
217,299.16254
218,196.08261
219,339.51947
220,245.9752
221,98.92834
222,283.58713
223,424.16068
224,406.10178
225,427.71765
226,176.5928
227,176.50616
228,435.22586
229,394.28305
230,299.34152
231,90.19942
232,97.20981
233,126.894264
234,107.72711
235,174.9711
236,113.18379
237,96.28193
238,100.64031
239,93.49985
240,195.91595
241,95.844215
242,127.03568
243,107.24709
244,177.03209
245,113.66701
246,96.765144
247,104.21773
248,96.384995
249,198.07895
250,91.22738
251,342.20316
252,111.99156
253,223.19952
254,114.39799
255,143.3053
256,59.33516
257,54.408833
258,251.62367
259,118.54212
260,69.212
261,123.24381
262,126.928535
263,104.236435
264,139.09782
265,58.975315
266,60.12074
267,240.4103
268,106.803955
269,72.20584
270,128.14104
271,128.80309
272,108.063736
273,140.2846
274,65.929756
275,64.080605
276,273.82565
277,113.87067
278,71.76871
279,130.48851
280,131.19978
281,65.75039
282,353.9725
283,125.42905
284,216.1844
285,164.73837
286,167.33264
287,137.35828
288,132.86336
289,199.96141
290,309.8019
291,78.54692
292,220.8642
293,164.75575
294,166.09921
295,136.11096
296,133.01236
297,202.32784
298,336.77567
299,79.27199
300,391.96817
301,415.53604
302,235.28413
303,377.63358
304,164.53795
305,372.81433
306,222.3428
307,167.8372
308,84.38679
309,110.50151
310,71.70548
311,53.515423
312,94.46817
313,104.64255
314,110.13698
315,71.70548
316,52.730892
317,94.46817
318,104.99557
319,110.67226
320,70.15063
321,54.749306
322,105.14818
323,104.154884
324,280.58875
325,169.85786
326,122.41089
327,171.52931
328,191.38957
329,168.8996
330,121.4861
331,102.46622
332,120.748055
333,91.40821
334,86.82002
335,97.00306
336,118.731384
337,106.88637
338,180.42874
339,117.3679
340,99.49962
341,106.31977
342,101.015915
343,200.54599
344,108.63181
345,162.51349
346,65.0412
347,63.255333
348,286.257
349,114.320404
350,72.139046
351,131.84601
352,132.55728
353,101.8336
354,64.560104
355,135.95909
356,45.26992
357,123.96947
358,152.75404
359,68.189
360,61.296852
361,233.47336
362,128.22508
363,70.59391
364,131.46252
365,131.91109
366,92.47851
367,329.70856
368,117.28382
369,226.64761
370,88.721535
371,81.90973
372,127.6023
373,75.802864
374,63.43217
375,87.68948
376,84.8474
377,88.79125
378,66.37761
379,60.669327
380,187.24927
381,205.46931
382,317.57037
383,59.86519
384,144.71358
385,149.7721
386,231.70622
387,247.85022
388,114.92642
389,225.1166
390,75.51195
391,116.28961
392,155.72554
393,80.635475
394,105.290794
395,81.41993
396,112.53945
397,120.54176
398,147.41069
399,111.51663
400,130.59518
401,137.10123
402,397.90112
403,163.72372
404,177.21666
405,88.97499
406,296.515
407,449.7602
408,268.39548
409,266.88687
410,416.89896
411,422.34213
412,280.14035
413,426.6962
414,439.83954
415,182.60507
416,139.7381
417,148.50398
418,113.686264
419,117.52376
420,170.94336
421,260.0038
422,75.22633
423,295.10226
424,296.92606
425,283.46832
426,131.90771
427,205.13696
428,92.13246
429,180.47743
430,95.09835
431,291.38187
432,180.13956
433,296.91754
434,87.09659
435,80.28478
436,124.064224
437,75.172874
438,85.049904
439,83.22245
440,87.166306
441,59.044365
442,169.7946
443,188.18033
444,298.06717
445,51.621727
446,145.14905
447,141.41551
448,205.31558
449,218.3648
450,115.361885
451,199.71161
452,75.94741
453,103.248795
454,45.68499
455,181.1593
456,198.1651
457,310.54977
458,48.08411
459,153.17291
460,143.94865
461,215.65208
462,228.70262
463,123.59689
464,210.04942
465,79.79892
466,74.89482
467,41.182114
468,39.011078
469,95.20448
470,57.791676
471,155.23093
472,48.96674
473,88.58012
474,81.76831
475,125.06845
476,75.661446
477,63.43217
478,86.644485
479,84.70598
480,88.64983
481,65.33261
482,60.52791
483,330.8738
484,307.83795
485,306.80554
486,141.25903
487,211.20134
488,90.996765
489,184.46758
490,89.53039
491,322.46338
492,188.88048
493,348.61273
494,180.23074
495,126.125854
496,139.97278
497,81.58932
498,128.10791
499,192.44601
500,175.37698
501,277.06326
502,268.88876
503,173.04709
504,178.80617
505,148.1645
506,159.43562
507,101.26315
508,63.708908
509,47.546173
510,91.950096
511,96.098625
512,199.9042
513,154.106
514,161.37886
515,130.3401
516,124.5511
517,184.12839
518,262.43695
519,74.71288
520,279.5942
521,92.67039
522,283.1311
523,432.84576
524,422.2727
525,428.35556
526,171.95891
527,171.43976
528,440.78235
529,405.74207
530,299.1951
531,92.72006
532,118.279335
533,138.4247
534,203.16733
535,128.7153
536,229.23553
537,175.14275
538,85.44372
539,209.60211
540,318.03152
541,301.3074
542,311.09875
543,139.20212
544,200.80103
545,91.93555
546,181.10081
547,85.73508
548,317.21582
549,185.233
550,340.25494
551,193.67145
552,196.0163
553,283.86282
554,57.96891
555,144.56772
556,146.7157
557,228.02454
558,217.01443
559,111.50469
560,212.14778
561,71.411964
562,115.71609
563,116.11063
564,62.541927
565,142.01524
566,136.43512
567,67.648766
568,57.952827
569,92.59548
570,85.783676
571,129.16055
572,79.53465
573,67.83851
574,90.0367
575,88.721344
576,92.6652
577,68.2032
578,64.54329
579,92.11961
580,326.40842
581,116.6525
582,225.03304
583,118.05848
584,133.67526
585,203.77298
586,124.631645
587,227.20613
588,167.20113
589,77.37706
590,205.74657
591,104.38077
592,65.60512
593,138.50626
594,47.42167
595,81.35419
596,45.143826
597,42.21978
598,99.18586
599,58.92667
600,158.85674
601,51.930992
602,118.9729
603,136.10478
604,233.2269
605,405.56424
606,271.12128
607,90.00602
608,266.84906
609,431.34027
610,388.8393
611,366.33896
612,166.58168
613,166.58168
614,434.3538
615,374.37024
616,286.83875
617,89.14699
618,118.77539
619,133.4571
620,191.76842
621,121.853676
622,217.83748
623,170.36479
624,81.88044
625,202.17696
626,100.46951
627,64.64042
628,47.60038
629,90.49815
630,94.40602
631,100.144196
632,60.419334
633,44.89973
634,90.6525
635,90.99986
636,206.38226
637,205.43134
638,310.23294
639,59.650482
640,143.91171
641,150.1391
642,231.66824
643,247.35013
644,114.12455
645,224.6165
646,74.710075
647,89.563644
648,354.51895
649,111.87944
650,222.18947
651,357.6402
652,329.02454
653,331.36093
654,147.16487
655,220.0663
656,97.66103
657,190.01288
658,95.44295
659,340.06793
660,196.86807
661,366.2173
662,160.19685
663,111.67382
664,155.48213
665,179.69211
666,151.2761
667,113.04615
668,97.803986
669,112.08784
670,80.24171
671,109.55468
672,149.1328
673,77.05581
674,102.65236
675,79.17532
676,109.88797
677,113.156876
678,141.97658
679,106.729576
680,125.66598
681,115.6134
682,72.22719
683,163.61533
684,54.043594
685,439.68985
686,412.3721
687,409.6919
688,492.74506
689,431.20807
690,410.77762
691,308.20175
692,336.43796
693,440.82336
694,389.9707
695,207.68773
696,209.17117
697,312.97018
698,60.86254
699,149.09856
700,153.09436
701,236.45163
702,246.96391
703,119.31139
704,229.862
705,79.75774
706,119.76946
707,134.75697
708,193.86638
709,123.79849
710,223.75403
711,168.21248
712,81.69706
713,198.54355
714,275.84818
715,97.40677
716,289.7579
717,444.659
718,395.8819
719,372.80984
720,177.56813
721,177.48149
722,450.25336
723,381.39597
724,293.44254
725,95.03829
726,161.16911
727,170.96483
728,114.122375
729,154.13977
730,81.46211
731,107.14429
732,83.04828
733,113.838936
734,118.865456
735,147.75156
736,112.36239
737,131.2988
738,115.36135
739,148.88443
740,151.38672
741,159.6614
742,206.30878
743,149.42397
744,280.6584
745,86.78639
746,57.024994
747,154.28963
748,225.17657
749,73.40592
750,170.85217
751,468.57526
752,454.75003
753,467.03992
754,497.1331
755,451.81564
756,441.95926
757,284.34354
758,309.47513
759,386.1015
760,411.104
761,156.30046
762,165.5979
763,364.25107
764,400.1783
765,232.42583
766,359.1713
767,155.07567
768,368.42783
769,223.84814
770,158.06073
771,83.48674
772,379.5401
773,402.1499
774,199.33708
775,365.01575
776,140.37505
777,355.51532
778,220.69125
779,147.79597
780,76.772766
781,366.99872
782,388.86224
783,238.89978
784,352.47437
785,148.73163
786,363.28842
787,232.47058
788,156.15256
789,76.3373
790,140.33472
791,76.26069
792,86.45697
793,73.76853
794,107.724106
795,86.88374
796,160.58183
797,95.421265
798,77.83157
799,88.713036
800,85.159065
801,177.04579
802,100.602036
803,60.701286
804,132.24728
805,48.96674
806,231.76978
807,151.83069
808,188.02635
809,152.41513
810,390.5495
811,408.32675
812,253.52127
813,377.11844
814,146.5722
815,381.8266
816,277.27646
817,152.53864
818,80.21816
819,185.29196
820,139.31923
821,145.88089
822,110.82742
823,114.95204
824,168.7055
825,255.10506
826,75.46774
827,192.10979
828,199.28716
829,295.12598
830,52.783543
831,141.01955
832,146.44342
833,227.03983
834,238.8849
835,111.51953
836,221.78299
837,73.03861
838,153.38103
839,127.23258
840,114.83511
841,181.54529
842,111.14421
843,180.20383
844,151.40144
845,127.44833
846,67.39761
847,364.19867
848,126.3572
849,287.88324
850,85.80725
851,281.67465
852,427.8668
853,448.34506
854,438.8104
855,160.54639
856,160.45975
857,449.73645
858,442.17725
859,297.42905
860,90.19942
861,131.44907
862,383.70947
863,162.84721
864,176.34015
865,85.441086
866,286.3832
867,436.94846
868,258.82452
869,260.77274
870,407.3252
871,403.3586
872,272.89505
873,405.1943
874,419.0527
875,225.39975
876,166.74396
877,170.6824
878,141.21672
879,137.30171
880,206.64949
881,342.16577
882,84.96367
883,324.15445
884,302.6331
885,304.4506
886,138.97815
887,209.41013
888,90.2161
889,182.67636
890,87.896385
891,316.2079
892,187.08926
893,344.65506
894,145.30724
895,121.33292
896,108.84881
897,176.80289
898,104.825584
899,171.03712
900,145.4326
901,128.06645
902,420.1419
903,402.38132
904,425.10693
905,449.71274
906,441.77127
907,402.51953
908,300.29865
909,326.09317
910,447.96545
911,415.96945
912,129.5162
913,383.0145
914,149.52673
915,165.82652
916,84.545204
917,287.07788
918,425.53802
919,262.00134
920,236.70543
921,377.04724
922,396.77414
923,271.715
924,398.27832
925,409.67328
926,420.1419
927,402.38132
928,425.10693
929,449.71274
930,441.77127
931,402.51953
932,300.29865
933,326.09317
934,447.96545
935,413.62637
936,265.2354
937,102.25566
938,292.28387
939,443.2606
940,421.35516
941,440.45053
942,178.8404
943,178.75375
944,450.8846
945,406.8861
946,304.28528
947,96.40342
948,277.6336
949,163.37503
950,117.21636
951,163.54239
952,187.47939
953,157.42624
954,115.49905
955,100.43943
956,114.71651
957,89.60681
958,84.11399
959,129.88708
960,66.92989
961,74.53628
962,214.04152
963,153.61111
964,184.91524
965,134.7932
966,68.02504
967,101.09276
968,99.685074
969,143.98013
970,70.9399
971,70.55078
972,70.99547
973,109.42938
974,125.53349
975,215.49406
976,385.27643
977,99.60892
978,61.97419
979,42.881317
980,79.97249
981,91.840546
982,425.86774
983,426.30832
984,439.71426
985,510.87808
986,443.17572
987,399.38678
988,305.74915
989,327.19357
990,448.4495
991,404.24524
992,180.57246
993,126.83216
994,139.2344
995,81.93105
996,130.30672
997,192.78773
998,175.7187
999,275.90094
1000,269.5774
1001,172.0605
1002,179.52327
1003,449.13986
1004,425.84924
1005,439.21207
1006,506.85684
1007,444.6852
1008,419.4363
1009,312.5712
1010,342.89166
1011,449.06854
1012,404.1563
1013,155.18283
1014,164.91225
1015,143.53856
1016,72.33725
1017,81.631485
1018,182.60507
1019,139.7381
1020,148.50398
1021,113.686264
1022,117.52376
1023,170.94336
1024,260.0038
1025,75.22633
1026,110.52957
1027,127.28502
1028,220.16414
1029,392.2554
1030,144.26582
1031,98.535126
1032,73.0266
1033,102.443375
1034,106.67399
1035,136.52731
1036,104.2962
1037,122.25451
1038,415.37808
1039,420.21942
1040,408.46558
1041,501.15558
1042,439.0554
1043,393.94897
1044,303.21753
1045,327.0651
1046,431.19092
1047,388.60654
1048,454.48154
1049,436.6292
1050,455.09305
1051,480.2446
1052,433.6948
1053,422.13364
1054,277.63278
1055,300.29877
1056,373.21262
1057,394.08002
1058,177.38321
1059,193.91304
1060,310.5186
1061,53.785408
1062,139.30159
1063,142.53851
1064,218.69681
1065,238.90869
1066,111.38428
1067,216.17506
1068,71.85216
1069,447.87198
1070,424.58136
1071,437.92242
1072,505.56726
1073,443.41733
1074,419.8786
1075,313.0135
1076,343.33395
1077,447.80066
1078,401.85556
1079,221.87831
1080,160.32733
1081,191.63145
1082,141.132
1083,295.10226
1084,296.92606
1085,283.46832
1086,131.90771
1087,205.13696
1088,92.13246
1089,180.47743
1090,95.09835
1091,291.38187
1092,180.13956
1093,296.91754
1094,279.60352
1095,114.615395
1096,301.96625
1097,472.39456
1098,440.91312
1099,450.4161
1100,181.85355
1101,181.85355
1102,462.49643
1103,434.6854
1104,308.42078
1105,99.218956
1106,212.50201
1107,212.60553
1108,315.0706
1109,52.579506
1110,152.37701
1111,152.31017
1112,242.04272
1113,252.55632
1114,122.801
1115,235.4544
1116,79.00303
1117,202.35179
1118,201.48242
1119,277.4919
1120,50.02009
1121,141.81544
1122,138.08191
1123,227.32771
1124,243.40121
1125,112.31542
1126,220.66759
1127,73.8345
1128,109.851166
1129,149.28712
1130,77.352295
1131,102.948845
1132,79.47181
1133,109.22275
1134,113.45336
1135,143.42526
1136,106.8839
1137,125.96246
1138,112.9466
1139,147.22018
1140,64.524956
1141,65.17618
1142,253.03787
1143,117.748375
1144,72.991615
1145,132.90247
1146,134.57153
1147,198.61398
1148,215.45409
1149,326.2212
1150,56.327553
1151,152.73744
1152,152.30524
1153,242.04272
1154,258.18802
1155,123.16143
1156,235.4544
1157,79.36346
1158,103.7345
1159,66.104164
1160,49.06412
1161,85.604614
1162,95.58239
1163,69.27743
1164,360.56543
1165,128.5474
1166,69.30113
1167,368.00934
1168,128.57112
1169,199.88521
1170,203.32185
1171,303.63657
1172,66.38914
1173,146.40834
1174,154.46158
1175,235.77042
1176,223.37753
1177,117.403305
1178,226.2625
1179,77.20674
1180,114.66887
1181,156.05003
1182,81.262634
1183,107.11304
1184,82.77485
1185,114.5338
1186,114.19714
1187,152.36565
1188,110.54924
1189,129.90639
1190,445.32578
1191,425.0163
1192,445.25317
1193,497.8842
1194,442.34818
1195,416.76135
1196,302.1021
1197,328.23523
1198,428.76248
1199,388.31012
1200,151.77919
1201,125.4032
1202,113.3058
1203,183.61914
1204,109.22133
1205,176.51874
1206,151.09033
1207,130.96156
1208,118.77539
1209,132.43144
1210,188.20718
1211,121.59579
1212,207.32011
1213,175.41982
1214,81.01452
1215,195.30966
1216,99.85095
1217,64.7014
1218,46.93728
1219,89.80012
1220,93.8637
1221,67.57499
1222,362.26517
1223,126.84497
1224,110.94048
1225,146.40778
1226,149.69884
1227,156.1812
1228,197.24579
1229,148.78265
1230,275.4956
1231,85.17854
1232,54.31848
1233,147.80257
1234,215.96367
1235,71.65807
1236,166.84746
1237,288.9433
1238,289.3383
1239,277.00943
1240,127.39584
1241,200.42953
1242,88.35322
1243,175.78558
1244,90.42376
1245,282.25848
1246,175.44771
1247,287.79416
1248,380.13626
1249,405.03397
1250,252.35115
1251,366.7052
1252,154.92879
1253,378.38397
1254,245.75761
1255,160.89522
1256,79.7827
1257,118.784615
1258,158.51564
1259,87.404686
1260,114.11813
1261,92.09236
1262,120.89764
1263,121.601036
1264,154.84772
1265,114.78141
1266,133.95464
1267,128.85544
1268,393.19476
1269,146.77803
1270,157.35191
1271,90.00458
1272,281.36572
1273,405.05826
1274,260.25693
1275,230.69353
1276,376.19672
1277,369.67587
1278,265.4527
1279,388.36926
1280,408.7587
1281,92.47851
1282,329.70856
1283,117.28382
1284,226.64761
1285,418.0961
1286,422.47894
1287,412.2842
1288,478.22565
1289,441.4459
1290,405.95053
1291,302.34995
1292,329.22867
1293,445.82922
1294,403.68317
1295,107.9701
1296,148.60457
1297,75.37062
1298,101.803276
1299,77.62952
1300,108.00911
1301,106.36584
1302,143.8454
1303,107.45553
1304,126.39193
1305,94.55851
1306,379.0749
1307,115.58483
1308,238.1408
1309,65.75039
1310,353.9725
1311,125.42905
1312,116.86346
1313,116.09956
1314,54.79459
1315,65.182365
1316,142.64052
1317,140.50291
1318,204.23174
1319,70.59958
1320,119.31369
1321,59.207108
1322,230.81168
1323,167.75111
1324,192.96799
1325,146.35715
1326,100.602036
1327,60.701286
1328,132.24728
1329,48.96674
1330,124.89795
1331,152.7654
1332,67.81763
1333,61.0673
1334,272.86932
1335,128.90266
1336,74.54806
1337,130.67868
1338,134.3634
1339,106.65655
1340,66.21686
1341,163.86847
1342,56.01592
1343,348.15128
1344,328.3717
1345,326.62665
1346,143.51694
1347,218.72212
1348,97.31439
1349,190.23457
1350,96.89651
1351,304.32397
1352,197.386
1353,341.63666
1354,194.6362
1355,150.86049
1356,156.23535
1357,121.74109
1358,119.72727
1359,178.53264
1360,265.70587
1361,68.61348
1362,90.76441
1363,113.05683
1364,100.64771
1365,170.28
1366,107.47671
1367,91.08441
1368,98.536995
1369,93.25806
1370,192.34735
1371,273.40552
1372,164.57413
1373,120.36187
1374,168.78725
1375,191.35146
1376,161.05736
1377,119.59475
1378,100.9483
1379,118.63644
1380,92.18077
1381,86.68795
1382,139.17877
1383,93.32101
1384,72.98376
1385,99.610405
1386,101.60203
1387,131.32607
1388,99.22424
1389,117.18255
1390,140.36147
1391,116.46364
1392,105.84181
1393,169.29924
1394,99.847404
1395,166.23344
1396,139.91164
1397,125.38686
1398,84.44773
1399,72.70276
1400,122.21022
1401,73.98505
1402,83.19591
1403,81.61388
1404,87.353035
1405,56.007275
1406,268.3794
1407,155.30083
1408,113.81765
1409,159.51395
1410,182.27144
1411,151.72928
1412,110.26668
1413,97.285416
1414,109.221725
1415,84.721054
1416,80.37038
1417,88.37963
1418,390.7325
1419,116.363556
1420,241.48932
1421,216.70409
1422,158.13493
1423,162.00708
1424,132.6077
1425,128.606
1426,197.89389
1427,327.65652
1428,76.4014
1429,222.15797
1430,214.7932
1431,301.2312
1432,61.1935
1433,148.87982
1434,142.62727
1435,240.3105
1436,255.92523
1437,119.40685
1438,232.87741
1439,78.45666
1440,320.75098
1441,307.10104
1442,317.07248
1443,140.69902
1444,206.90533
1445,93.53926
1446,184.46758
1447,88.93293
1448,321.6808
1449,190.3239
1450,342.73367
1451,109.66735
1452,121.92366
1453,212.89346
1454,381.36343
1455,382.79196
1456,398.835
1457,244.3757
1458,368.2676
1459,140.37505
1460,372.76688
1461,271.37762
1462,147.79597
1463,76.772766
1464,181.11348
1465,188.92404
1466,295.6815
1467,56.335907
1468,138.93602
1469,144.3599
1470,225.66873
1471,208.75175
1472,109.25109
1473,214.66476
1474,70.59153
1475,115.41757
1476,132.13863
1477,198.85014
1478,123.095024
1479,222.2833
1480,165.23042
1481,76.09589
1482,201.90256
1483,190.861
1484,198.64925
1485,293.4494
1486,59.156097
1487,142.80882
1488,146.99669
1489,228.7094
1490,217.83162
1491,111.731445
1492,218.77379
1493,73.58338
1494,123.816734
1495,372.1504
1496,156.01654
1497,169.50948
1498,79.956924
1499,277.4683
1500,426.14166
1501,254.38931
1502,251.0384
1503,390.17242
1504,386.32587
1505,265.3464
1506,382.25003
1507,405.0539
1508,68.22277
1509,363.23474
1510,127.49275
1511,293.88647
1512,87.54022
1513,285.70117
1514,436.186
1515,451.5558
1516,443.33035
1517,162.62767
1518,162.54103
1519,454.61447
1520,442.73764
1521,299.2758
1522,93.3064
1523,154.08487
1524,107.26216
1525,149.37015
1526,174.56334
1527,145.14185
1528,105.95018
1529,93.637024
1530,104.90523
1531,75.86052
1532,383.73486
1533,402.4006
1534,258.67407
1535,370.38995
1536,142.3244
1537,380.30756
1538,282.42923
1539,148.7249
1540,77.812035
1541,384.88943
1542,423.30542
1543,250.00838
1544,391.72144
1545,166.54355
1546,395.8516
1547,243.46915
1548,168.60603
1549,93.56918
1550,116.28961
1551,155.8677
1552,80.635475
1553,105.290794
1554,80.88658
1555,112.9602
1556,120.54176
1557,146.40067
1558,111.65879
1559,130.59518
1560,132.64188
1561,410.42072
1562,146.77803
1563,148.32574
1564,88.49294
1565,281.36572
1566,386.32324
1567,260.25693
1568,210.32516
1569,372.0899
1570,383.3624
1571,244.31541
1572,402.0558
1573,358.5369
1574,217.62311
1575,150.04272
1576,185.40047
1577,133.53816
1578,279.6283
1579,96.48906
1580,274.81326
1581,437.0553
1582,399.46942
1583,381.76086
1584,174.11906
1585,174.03242
1586,445.47903
1587,383.74542
1588,295.62085
1589,92.11124
1590,298.39648
1591,170.52379
1592,120.93645
1593,174.29732
1594,194.62814
1595,168.82288
1596,122.734474
1597,104.159515
1598,121.41563
1599,97.5383
1600,98.61424
1601,92.871475
1602,325.7154
1603,117.28382
1604,222.72874
1605,109.45517
1606,109.82453
1607,49.80968
1608,52.844677
1609,133.6207
1610,131.60498
1611,189.55904
1612,60.85378
1613,113.10126
1614,50.84365
1615,186.98859
1616,133.66898
1617,139.38943
1618,85.191925
1619,135.3046
1620,202.55154
1621,183.65637
1622,287.48694
1623,277.08496
1624,181.71777
1625,184.89302
1626,228.43617
1627,148.49709
1628,184.69275
1629,149.08153
1630,105.29431
1631,67.008965
1632,51.396915
1633,95.25016
1634,99.31374
1635,211.37932
1636,204.81602
1637,288.7857
1638,53.353672
1639,145.14905
1640,141.41551
1641,231.05293
1642,246.73482
1643,115.361885
1644,224.00119
1645,75.94741
1646,225.4599
1647,160.1922
1648,192.11668
1649,140.99687
1650,290.66528
1651,99.68808
1652,300.50272
1653,459.02097
1654,424.01703
1655,401.80496
1656,176.46721
1657,176.38057
1658,465.7724
1659,414.13507
1660,308.05667
1661,96.45483
1662,201.2962
1663,204.1228
1664,305.57077
1665,70.05224
1666,148.08392
1667,156.51558
1668,240.34343
1669,223.40779
1670,118.61096
1671,229.07767
1672,77.66077
1673,128.7203
1674,392.34302
1675,146.6429
1676,173.46309
1677,87.64124
1678,288.524
1679,423.11804
1680,260.74213
1681,221.2872
1682,377.27594
1683,363.21393
1684,270.91794
1685,381.90732
1686,409.8379
1687,166.33267
1688,114.38096
1689,163.72003
1690,186.92004
1691,161.65979
1692,118.30692
1693,100.51112
1694,116.988075
1695,92.60357
1696,102.68607
1697,112.94161
1698,171.98842
1699,108.708855
1700,183.0902
1701,155.03676
1702,82.12762
1703,181.61699
1704,383.7101
1705,402.88657
1706,230.4918
1707,368.86505
1708,162.48395
1709,363.6216
1710,218.35196
1711,165.46901
1712,87.898125
1713,431.40894
1714,408.76508
1715,438.43527
1716,467.92435
1717,448.61594
1718,414.44022
1719,301.76666
1720,337.00958
1721,452.99927
1722,423.4431
1723,140.35309
1724,117.94717
1725,107.63647
1726,171.93538
1727,101.64206
1728,166.06071
1729,140.38513
1730,126.87039
1731,360.07907
1732,386.01367
1733,231.984
1734,353.906
1735,144.43076
1736,358.74683
1737,232.55597
1738,151.736
1739,75.976875
1740,118.80533
1741,148.30286
1742,64.64464
1743,59.333084
1744,228.74179
1745,123.120476
1746,68.217
1747,127.42515
1748,127.87371
1749,120.36301
1750,154.88849
1751,157.39078
1752,167.88458
1753,214.30089
1754,155.42802
1755,290.43604
1756,92.749756
1757,62.98837
1758,159.9038
1759,236.52158
1760,80.852
1761,178.2752
1762,99.315674
1763,64.44576
1764,44.193867
1765,80.803734
1766,92.67179
1767,310.2401
1768,296.00626
1769,294.9674
1770,136.74715
1771,204.0983
1772,87.21752
1773,180.33574
1774,87.72607
1775,280.32394
1776,183.76039
1777,320.68088
1778,112.81303
1779,146.15883
1780,67.439026
1781,68.94948
1782,279.49237
1783,115.225555
1784,75.11686
1785,133.70955
1786,134.42082
1787,117.02007
1788,132.16556
1789,233.86061
1790,404.17908
1791,227.6508
1792,164.56995
1793,197.29506
1794,145.26572
1795,117.168465
1796,152.66469
1797,156.82372
1798,164.50507
1799,195.39145
1800,153.95343
1801,270.33704
1802,90.77882
1803,61.408367
1804,159.94772
1805,242.19872
1806,75.90693
1807,173.61816
1808,137.10123
1809,397.90112
1810,163.72372
1811,177.21666
1812,88.97499
1813,296.515
1814,449.7602
1815,268.39548
1816,266.88687
1817,416.89896
1818,422.34213
1819,280.14035
1820,426.6962
1821,439.83954
1822,99.118515
1823,61.97419
1824,44.56495
1825,86.312805
1826,89.29147
1827,452.60455
1828,441.39642
1829,449.72443
1830,476.08487
1831,438.0011
1832,415.03268
1833,276.92377
1834,304.91724
1835,374.0978
1836,396.06198
1837,81.05104
1838,44.209038
1839,42.038002
1840,114.39701
1841,114.503944
1842,55.83237
1843,62.8838
1844,141.24658
1845,138.05196
1846,201.12144
1847,68.30105
1848,115.02292
1849,58.29091
1850,391.94324
1851,424.47617
1852,258.9946
1853,378.51218
1854,157.76596
1855,388.85062
1856,274.99207
1857,164.56047
1858,82.78081
1859,163.4124
1860,185.63289
1861,294.09216
1862,56.535908
1863,143.03412
1864,139.30058
1865,203.60452
1866,212.30232
1867,111.95673
1868,194.93112
1869,73.80867
1870,63.51422
1871,336.84695
1872,124.664154
1873,360.07907
1874,386.01367
1875,231.984
1876,353.906
1877,144.43076
1878,358.74683
1879,232.55597
1880,151.736
1881,75.976875
1882,176.86194
1883,123.8295
1884,132.82336
1885,79.44121
1886,125.026245
1887,189.88322
1888,173.09088
1889,273.45114
1890,262.0809
1891,170.22064
1892,172.3181
1893,177.12238
1894,178.59181
1895,293.33685
1896,56.74483
1897,144.56772
1898,146.7157
1899,228.02454
1900,197.94505
1901,111.50469
1902,210.63615
1903,71.411964
1904,107.99883
1905,67.71155
1906,155.92332
1907,49.781876
1908,248.28484
1909,92.791046
1910,268.8124
1911,444.84906
1912,378.2355
1913,376.8743
1914,169.3667
1915,159.04874
1916,438.08997
1917,362.83548
1918,282.3293
1919,89.03083
1920,66.11082
1921,360.0499
1922,125.789474
1923,128.7499
1924,65.446365
1925,71.86647
1926,391.94324
1927,426.2081
1928,258.9946
1929,378.51218
1930,157.76596
1931,390.58255
1932,276.724
1933,164.56047
1934,82.78081
1935,160.09671
1936,184.7989
1937,291.01538
1938,47.273903
1939,139.73706
1940,137.75572
1941,205.42668
1942,211.84328
1943,111.81974
1944,193.19008
1945,72.28762
1946,110.94004
1947,72.1936
1948,159.25613
1949,51.182465
1950,94.416626
1951,134.63034
1952,130.46085
1953,142.12627
1954,171.12885
1955,133.84935
1956,246.47383
1957,81.69547
1958,55.01194
1959,139.7194
1960,212.3128
1961,71.17813
1962,155.91254
1963,97.13906
1964,64.44576
1965,44.193867
1966,87.16102
1967,91.068886
1968,147.24477
1969,74.81902
1970,88.21764
1971,133.76678
1972,145.05476
1973,186.42772
1974,133.86728
1975,146.0464
1976,86.78098
1977,134.32523
1978,194.01668
1979,180.31152
1980,287.67062
1981,281.19522
1982,176.75801
1983,182.64476
1984,160.59364
1985,114.53664
1986,158.6841
1987,180.63885
1988,148.84183
1989,112.330086
1990,95.759834
1991,110.93709
1992,81.55895
1993,223.76196
1994,163.64467
1995,196.37686
1996,144.44934
1997,141.44542
1998,116.299355
1999,102.91313
2000,168.91681
2001,99.18694
2002,166.50864
2003,140.44028
2004,128.09546
2005,271.19418
2006,97.264145
2007,282.16916
2008,429.93094
2009,402.32465
2010,389.8364
2011,174.9286
2012,174.84196
2013,442.93546
2014,390.50592
2015,293.21283
2016,89.763954
2017,131.4636
2018,404.17245
2019,151.56076
2020,175.93259
2021,98.49311
2022,291.05463
2023,454.77118
2024,269.64224
2025,245.62874
2026,396.69717
2027,390.70392
2028,274.3102
2029,413.0978
2030,432.4057
2031,379.65784
2032,400.89752
2033,225.04602
2034,365.32324
2035,157.93452
2036,358.1758
2037,212.90617
2038,160.91959
2039,83.34869
2040,263.16846
2041,95.472565
2042,278.5861
2043,427.71686
2044,401.04535
2045,428.1316
2046,172.26466
2047,172.17802
2048,441.03485
2049,386.5763
2050,294.4472
2051,89.97281
2052,106.155655
2053,121.56323
2054,210.51932
2055,378.51486
2056,182.11353
2057,128.79391
2058,135.70454
2059,83.77998
2060,130.00429
2061,195.1484
2062,178.35606
2063,278.78616
2064,267.7008
2065,174.52162
2066,178.1565
2067,101.26315
2068,63.708908
2069,47.546173
2070,91.950096
2071,96.098625
2072,90.98855
2073,379.6927
2074,114.87847
2075,234.58919
2076,140.69409
2077,118.50487
2078,106.02076
2079,169.93024
2080,102.030045
2081,167.39444
2082,140.74002
2083,122.3638
2084,117.253654
2085,137.09322
2086,201.18552
2087,125.700905
2088,227.4657
2089,176.22545
2090,85.44372
2091,210.68481
2092,67.57499
2093,356.64893
2094,126.84497
2095,106.00198
2096,65.7147
2097,133.80879
2098,49.556587
2099,214.04152
2100,153.61111
2101,184.91524
2102,134.84819
2103,101.21104
2104,122.35912
2105,197.15337
2106,347.9562
2107,97.85862
2108,327.30862
2109,116.6525
2110,231.12123
2111,119.94093
2112,133.63173
2113,229.33084
2114,413.59634
2115,437.0252
2116,443.34543
2117,426.5839
2118,524.4676
2119,462.1814
2120,411.29013
2121,313.38138
2122,341.79196
2123,466.50598
2124,416.55014
2125,108.83616
2126,118.654495
2127,177.57019
2128,110.36902
2129,191.11234
2130,156.89574
2131,88.60858
2132,186.76399
2133,80.96107
2134,73.43202
2135,120.11432
2136,68.82366
2137,58.424294
2138,82.73027
2139,79.907196
2140,83.85105
2141,60.044426
2142,55.729115
2143,213.94595
2144,152.94379
2145,184.75937
2146,136.5563
2147,114.98489
2148,168.58162
2149,69.75166
2150,71.00994
2151,306.87582
2152,120.440796
2153,75.11686
2154,136.42178
2155,137.13306
2156,163.03319
2157,113.31926
2158,118.05238
2159,78.41553
2160,115.11863
2161,177.73306
2162,151.14835
2163,244.83527
2164,255.81186
2165,157.40154
2166,159.34981
2167,145.76453
2168,97.7771
2169,75.520744
2170,104.051
2171,108.56874
2172,137.82994
2173,101.295006
2174,119.25331
2175,107.7466
2176,146.60774
2177,150.76677
2178,155.74889
2179,184.15312
2180,147.47197
2181,255.06613
2182,81.050606
2183,51.569504
2184,148.69508
2185,220.29245
2186,69.61094
2187,165.28978
2188,87.712616
2189,49.19253
2190,47.021496
2191,99.65843
2192,387.78452
2193,120.24951
2194,243.91699
2195,105.39888
2196,120.52428
2197,213.44792
2198,385.23828
2199,99.85095
2200,62.890907
2201,47.27206
2202,91.48374
2203,91.83111
2204,179.96474
2205,126.57351
2206,137.17682
2207,80.58658
2208,128.13084
2209,192.53365
2210,170.53621
2211,262.43777
2212,269.86157
2213,173.35448
2214,178.19342
2215,107.33576
2216,161.35321
2217,63.79745
2218,63.04357
2219,286.63956
2220,113.117676
2221,69.613976
2222,128.81602
2223,129.5273
2224,92.59548
2225,85.783676
2226,129.16055
2227,79.53465
2228,67.83851
2229,90.0367
2230,88.721344
2231,92.6652
2232,68.2032
2233,64.54329
2234,189.32985
2235,198.8042
2236,296.64465
2237,60.81514
2238,143.46373
2239,148.8876
2240,230.19644
2241,219.59349
2242,114.252144
2243,221.0639
2244,74.6375
2245,280.08188
2246,96.13666
2247,287.5349
2248,437.63025
2249,401.5441
2250,390.36508
2251,174.14944
2252,174.0628
2253,455.46307
2254,389.6996
2255,299.02335
2256,93.461685
2257,110.11174
2258,69.824455
2259,158.42786
2260,51.89478
2261,114.74131
2262,131.58336
2263,224.4625
2264,401.30225
2265,138.54721
2266,77.07824
2267,82.33075
2268,143.81151
2269,77.09336
2270,87.03712
2271,201.13731
2272,202.62076
2273,306.41977
2274,56.117123
2275,144.35315
2276,149.77702
2277,231.70622
2278,242.2185
2279,114.565994
2280,225.1166
2281,75.15152
2282,89.48215
2283,353.0355
2284,116.363556
2285,233.56276
2286,91.89079
2287,115.85222
2288,99.071236
2289,164.7953
2290,107.16095
2291,89.71342
2292,93.18014
2293,88.45205
2294,188.9821
2295,421.65186
2296,417.63458
2297,405.69867
2298,501.798
2299,436.47055
2300,398.59775
2301,305.85577
2302,331.80643
2303,444.73355
2304,392.22882
2305,176.34502
2306,194.73074
2307,304.61758
2308,56.367126
2309,149.89445
2310,144.73285
2311,210.06099
2312,223.11021
2313,120.107285
2314,204.45702
2315,80.55363
2316,430.00583
2317,407.36197
2318,437.03217
2319,466.52124
2320,447.21283
2321,414.98187
2322,304.85046
2323,341.10156
2324,457.16946
2325,418.20956
2326,145.10979
2327,156.46407
2328,363.17908
2329,391.04465
2330,229.11285
2331,357.006
2332,149.23662
2333,362.9142
2334,220.14311
2335,152.3239
2336,78.80717
2337,100.54422
2338,111.691025
2339,170.73782
2340,107.54491
2341,181.92624
2342,153.85722
2343,81.48508
2344,180.66194
2345,110.27093
2346,140.04366
2347,63.417004
2348,61.6062
2349,246.5799
2350,114.5747
2351,71.43392
2352,128.84735
2353,130.51642
2354,276.63412
2355,163.27596
2356,111.17151
2357,164.9474
2358,188.2983
2359,161.09734
2360,115.01342
2361,97.7546
2362,113.26168
2363,87.54653
2364,84.16665
2365,139.58746
2366,70.5744
2367,80.95556
2368,197.0814
2369,198.25758
2370,290.0193
2371,52.034256
2372,141.55354
2373,145.41385
2374,227.34305
2375,236.21484
2376,110.83539
2377,223.13846
2378,71.22074
2379,105.29431
2380,65.19847
2381,51.731697
2382,96.933784
2383,97.28115
2384,298.56418
2385,101.06583
2386,308.2447
2387,467.75925
2388,414.73892
2389,396.65823
2390,181.35379
2391,185.7474
2392,468.58066
2393,400.26987
2394,308.63214
2395,100.3392
2396,310.2401
2397,296.00626
2398,294.9674
2399,136.74715
2400,204.0983
2401,87.21752
2402,180.33574
2403,87.72607
2404,280.32394
2405,183.76039
2406,320.68088
2407,201.80336
2408,199.20314
2409,274.66824
2410,30.438442
2411,139.34062
2412,135.60709
2413,226.59679
2414,242.36531
2415,111.007965
2416,219.56062
2417,72.348404
2418,179.54391
2419,197.90428
2420,329.3578
2421,59.54627
2422,152.16084
2423,148.91219
2424,214.34215
2425,232.53299
2426,125.79826
2427,213.87979
2428,82.45432
2429,373.2166
2430,402.1854
2431,247.16544
2432,368.13684
2433,154.93372
2434,373.84238
2435,245.84294
2436,160.78445
2437,79.42227
2438,85.38795
2439,78.57614
2440,124.379745
2441,72.58033
2442,60.098564
2443,84.355896
2444,81.51381
2445,85.457664
2446,64.2647
2447,58.39096
2448,127.19851
2449,400.85846
2450,141.42131
2451,142.96902
2452,83.977776
2453,273.70535
2454,377.51324
2455,254.81354
2456,204.85954
2457,361.00143
2458,376.36984
2459,238.76315
2460,389.48322
2461,347.46402
2462,116.32996
2463,70.0952
2464,145.1554
2465,54.043594
2466,159.49684
2467,170.29016
2468,176.77592
2469,122.982
2470,133.02629
2471,78.40828
2472,124.39517
2473,187.99492
2474,167.20319
2475,256.9001
2476,262.24768
2477,170.43275
2478,175.70576
2479,139.1235
2480,150.41148
2481,237.54228
2482,156.0733
2483,193.68996
2484,156.54884
2485,94.17592
2486,87.36411
2487,130.99297
2488,81.74483
2489,69.62673
2490,92.1753
2491,90.24225
2492,91.80496
2493,69.21057
2494,68.396194
2495,114.29312
2496,73.85343
2497,162.60925
2498,55.58045
2499,363.17908
2500,391.04465
2501,229.11285
2502,357.006
2503,149.23662
2504,362.9142
2505,220.14311
2506,152.3239
2507,78.80717
2508,133.24698
2509,396.5231
2510,163.15538
2511,182.17511
2512,94.627365
2513,292.67148
2514,446.73474
2515,269.34647
2516,264.26624
2517,413.37625
2518,404.77795
2519,276.99442
2520,409.06464
2521,422.2795
2522,276.9316
2523,160.75725
2524,113.93686
2525,161.98506
2526,182.31401
2527,151.95146
2528,111.386154
2529,91.48717
2530,110.42784
2531,84.092834
2532,78.04576
2533,225.4599
2534,160.18727
2535,192.11668
2536,139.87697
2537,161.94067
2538,170.29016
2539,120.36301
2540,154.88849
2541,157.42691
2542,168.96729
2543,211.22919
2544,156.51073
2545,291.64478
2546,92.749756
2547,62.98837
2548,160.9865
2549,232.34908
2550,80.852
2551,176.97366
2552,82.28287
2553,70.537895
2554,117.13825
2555,68.7838
2556,83.19591
2557,79.44901
2558,85.18817
2559,53.84241
2560,104.57758
2561,144.10019
2562,72.58616
2563,100.018654
2564,74.51013
2565,103.9269
2566,108.15752
2567,138.04279
2568,104.65948
2569,123.73804
2570,87.52235
2571,80.71054
2572,127.630806
2573,74.76011
2574,62.25024
2575,86.50757
2576,83.69359
2577,87.739296
2578,64.44648
2579,58.864346
2580,91.22738
2581,342.20316
2582,111.99156
2583,223.19952
2584,115.28287
2585,67.67036
2586,144.2695
2587,55.57553
2588,89.8618
2589,43.495647
2590,41.32461
2591,66.11082
2592,363.0427
2593,125.789474
2594,99.67282
2595,59.62616
2596,162.74501
2597,49.41128
2598,444.09222
2599,432.42465
2600,436.63303
2601,502.24756
2602,454.70425
2603,425.93985
2604,315.24878
2605,345.40506
2606,459.5374
2607,423.7203
2608,100.81554
2609,67.142944
2610,49.110905
2611,88.966125
2612,93.73933
2613,249.54976
2614,94.34848
2615,268.47925
2616,441.93936
2617,374.89886
2618,383.58997
2619,170.74052
2620,160.33592
2621,442.80307
2622,359.49884
2623,282.5127
2624,89.31206
2625,106.584305
2626,109.10211
2627,58.024685
2628,134.69254
2629,129.83202
2630,63.44192
2631,53.4318
2632,425.50937
2633,411.34238
2634,419.78885
2635,480.71732
2636,433.62198
2637,400.0294
2638,302.12936
2639,328.08002
2640,441.88498
2641,404.1368
2642,142.48206
2643,117.9243
2644,104.53808
2645,173.59848
2646,100.520485
2647,168.78624
2648,143.44762
2649,129.83144
2650,444.70224
2651,422.05838
2652,437.11517
2653,479.3506
2654,461.90924
2655,427.3501
2656,314.177
2657,345.10098
2658,466.29257
2659,431.4106
2660,127.32244
2661,142.6723
2662,210.3781
2663,133.31447
2664,233.49706
2665,176.03877
2666,85.97257
2667,213.0251
2668,140.2269
2669,426.57242
2670,148.87233
2671,153.74216
2672,92.92273
2673,292.71533
2674,401.09503
2675,268.56357
2676,220.45186
2677,386.39127
2678,405.06277
2679,254.65323
2680,426.60605
2681,369.76328
2682,91.22738
2683,364.68973
2684,111.99156
2685,221.469
2686,118.784615
2687,158.37347
2688,87.404686
2689,114.11813
2690,92.09236
2691,120.89764
2692,121.601036
2693,155.99991
2694,114.63925
2695,133.95464
2696,61.516964
2697,85.26947
2698,83.71963
2699,131.3799
2700,63.87759
2701,63.488472
2702,68.05262
2703,361.68747
2704,127.747406
2705,62.211876
2706,353.09537
2707,122.61304
2708,70.59716
2709,98.64315
2710,97.09331
2711,142.51562
2712,73.433784
2713,73.04466
2714,459.1964
2715,434.6996
2716,453.96695
2717,510.78528
2718,452.03146
2719,430.64407
2720,308.80753
2721,340.58392
2722,452.1495
2723,404.77393
2724,270.24396
2725,91.14995
2726,278.579
2727,430.43143
2728,394.63947
2729,377.56927
2730,168.12564
2731,168.12564
2732,437.20236
2733,380.1704
2734,290.56516
2735,89.507416
2736,106.65612
2737,66.15255
2738,160.8325
2739,49.41128
2740,64.92432
2741,357.72638
2742,124.60297
2743,139.8924
2744,72.712265
2745,83.00897
2746,402.995
2747,423.10043
2748,263.89453
2749,389.56393
2750,147.78397
2751,396.60028
2752,286.84824
2753,154.06459
2754,82.72741
2755,142.95648
2756,76.238365
2757,86.18213
2758,448.56467
2759,441.40375
2760,425.6591
2761,499.21884
2762,464.6135
2763,435.74698
2764,313.87662
2765,345.26108
2766,477.49097
2767,414.77597
2768,132.45108
2769,407.83328
2770,148.16885
2771,167.59164
2772,98.21965
2773,288.8718
2774,416.66943
2775,269.3794
2776,238.19958
2777,386.8402
2778,379.2037
2779,272.6446
2780,400.6796
2781,416.15945
2782,114.104416
2783,128.0809
2784,221.42336
2785,388.76257
2786,73.43663
2787,105.177284
2788,103.42135
2789,149.08667
2790,72.02621
2791,71.637085
2792,71.6913
2793,97.68896
2794,119.211555
2795,106.55962
2796,176.97871
2797,111.3253
2798,93.87777
2799,98.758606
2800,93.96384
2801,197.76935
2802,185.63133
2803,192.8926
2804,294.87924
2805,55.18304
2806,139.13626
2807,144.56013
2808,226.26605
2809,206.4307
2810,110.051445
2811,218.06561
2812,71.46419
2813,104.210915
2814,62.98457
2815,133.25772
2816,50.217346
2817,113.41868
2818,127.99152
2819,186.3028
2820,116.30143
2821,212.28522
2822,164.82811
2823,77.4208
2824,196.72691
2825,275.44528
2826,163.70515
2827,113.58581
2828,165.3766
2829,185.38016
2830,157.11066
2831,115.18993
2832,97.81543
2833,113.885956
2834,88.134056
2835,83.6877
2836,103.01066
2837,64.64042
2838,48.38491
2839,84.14087
2840,95.65591
2841,133.693
2842,72.160484
2843,76.59964
2844,392.40988
2845,421.1658
2846,234.07573
2847,387.40982
2848,166.54355
2849,375.09048
2850,226.26088
2851,168.60603
2852,93.56918
2853,70.95707
2854,381.97055
2855,135.3673
2856,123.38127
2857,377.12906
2858,143.47838
2859,166.30132
2860,83.487404
2861,279.9221
2862,420.40485
2863,253.49371
2864,233.0954
2865,363.1332
2866,365.22455
2867,264.9129
2868,378.33792
2869,397.1424
2870,415.26697
2871,421.1256
2872,403.3293
2873,470.08145
2874,439.63165
2875,400.61966
2876,300.29865
2877,326.09317
2878,445.82584
2879,400.58295
2880,151.7466
2881,162.22865
2882,213.94595
2883,152.94379
2884,184.75937
2885,136.5563
2886,63.043346
2887,94.83336
2888,90.417274
2889,137.29271
2890,65.403984
2891,65.01486
2892,65.45955
2893,131.44907
2894,372.04297
2895,162.84721
2896,166.31937
2897,92.424385
2898,247.82326
2899,412.52084
2900,227.11058
2901,232.11626
2902,354.6229
2903,403.3586
2904,244.23863
2905,405.1943
2906,361.46524
2907,252.88336
2908,96.46139
2909,277.5068
2910,452.0155
2911,388.47916
2912,393.00912
2913,174.07413
2914,163.66953
2915,447.18524
2916,373.07913
2917,289.25375
2918,92.645645
2919,67.86234
2920,365.38
2921,127.132324
2922,106.037155
2923,128.46533
2924,203.14195
2925,354.48566
2926,89.451546
2927,318.63638
2928,114.296585
2929,216.97704
2930,366.77014
2931,395.32745
2932,239.0979
2933,361.77652
2934,150.68591
2935,364.96335
2936,237.77545
2937,156.97072
2938,77.01614
2939,126.87942
2940,385.13223
2941,147.29263
2942,165.32436
2943,85.05357
2944,288.38406
2945,424.07602
2946,264.72534
2947,229.22736
2948,375.05762
2949,391.24423
2950,269.74802
2951,402.00113
2952,408.9004
2953,102.64927
2954,64.70537
2955,131.70224
2956,47.209854
2957,108.43393
2958,67.68971
2959,156.9258
2960,51.681087
2961,122.0211
2962,117.43473
2963,57.162254
2964,63.845097
2965,153.25394
2966,144.44028
2967,210.87872
2968,72.165695
2969,122.76994
2970,63.8805
2971,114.11507
2972,115.89966
2973,63.860535
2974,143.69057
2975,136.95517
2976,69.003876
2977,58.242546
2978,231.00072
2979,166.93076
2980,200.75389
2981,142.20863
2982,111.33539
2983,113.83811
2984,61.08084
2985,141.09988
2986,134.58311
2987,66.49809
2988,56.487957
2989,112.98033
2990,127.42016
2991,227.3102
2992,390.96753
2993,104.13621
2994,125.53349
2995,213.58156
2996,384.77612
2997,290.5529
2998,85.427315
2999,276.6736
3000,426.10983
3001,437.9755
3002,432.97
3003,159.29407
3004,159.20743
3005,450.2323
3006,429.15735
3007,292.53473
3008,89.97281
3009,108.5482
3010,149.61516
3011,77.165985
3012,100.78768
3013,78.18612
3014,108.66709
3015,107.69127
3016,139.8209
3017,104.22349
3018,122.40688
3019,184.54445
3020,196.96967
3021,285.25015
3022,57.756798
3023,141.63368
3024,145.54898
3025,226.85782
3026,217.30565
3027,110.915535
3028,219.73494
3029,71.30089
3030,90.866554
3031,84.05475
3032,127.21276
3033,78.957924
3034,67.01866
3035,88.85238
3036,87.024925
3037,90.96878
3038,67.65156
3039,62.846855
3040,136.6361
3041,114.35094
3042,101.86683
3043,165.87224
3044,97.843605
3045,162.91534
3046,136.63264
3047,119.34365
3048,275.14468
3049,163.70515
3050,116.27264
3051,165.3766
3052,184.84639
3053,157.11066
3054,114.969666
3055,97.093376
3056,113.796936
3057,88.42546
3058,84.08748
3059,175.81305
3060,124.73834
3061,136.23318
3062,77.07415
3063,123.66799
3064,183.34369
3065,171.00731
3066,274.2253
3067,266.22778
3068,167.49483
3069,173.35612
3070,115.28709
3071,75.13178
3072,165.9158
3073,55.11824
3074,218.81728
3075,147.28584
3076,183.77855
3077,148.6014
3078,463.2713
3079,449.4461
3080,471.81412
3081,500.79163
3082,446.5117
3083,441.9856
3084,285.81992
3085,310.57016
3086,380.79755
3087,412.15784
3088,228.89917
3089,157.73033
3090,192.96799
3091,158.45984
3092,263.1652
3093,98.94894
3094,286.21774
3095,439.15646
3096,414.0443
3097,438.91418
3098,177.92343
3099,177.83679
3100,446.78046
3101,399.57526
3102,299.79233
3103,94.66986
3104,203.89508
3105,197.02452
3106,263.81784
3107,43.813156
3108,142.29445
3109,137.42976
3110,226.81677
3111,240.85817
3112,111.57629
3113,222.15007
3114,71.96164
3115,71.9531
3116,103.693756
3117,101.93782
3118,148.09464
3119,70.54268
3120,70.15356
3121,214.60185
3122,216.45248
3123,343.6104
3124,59.54627
3125,152.16084
3126,158.93297
3127,241.992
3128,262.81543
3129,125.79826
3130,240.08188
3131,82.45432
3132,440.72485
3133,420.8417
3134,434.8615
3135,496.81238
3136,439.67767
3137,410.92462
3138,308.61224
3139,335.13364
3140,444.061
3141,399.80576
3142,92.091064
3143,364.48224
3144,114.87847
3145,224.9321
3146,123.45255
3147,159.77945
3148,160.30829
3149,169.8074
3150,227.9989
3151,160.13997
3152,341.06546
3153,93.88479
3154,64.735634
3155,155.08884
3156,279.71347
3157,81.279175
3158,199.00769
3159,407.16916
3160,429.3224
3161,215.71696
3162,405.64987
3163,154.02997
3164,382.50082
3165,238.14944
3166,159.07382
3167,87.05907
3168,262.4955
3169,87.7556
3170,251.02412
3171,421.8071
3172,399.27182
3173,400.97964
3174,162.84305
3175,162.75641
3176,459.12094
3177,388.66614
3178,264.59875
3179,93.89715
3180,90.91496
3181,111.5733
3182,99.78562
3183,170.29799
3184,105.99318
3185,89.60088
3186,93.61747
3187,88.88938
3188,190.59021
3189,114.85075
3190,145.3947
3191,148.69041
3192,154.57835
3193,184.04684
3194,144.12991
3195,260.17114
3196,83.48756
3197,52.79385
3198,142.55821
3199,220.21115
3200,71.5244
3201,165.25618
3202,63.682648
3203,96.86144
3204,95.45376
3205,140.2403
3206,67.818214
3207,67.42909
3208,69.41481
3209,350.15244
3210,128.6848
3211,115.71609
3212,116.09554
3213,62.541927
3214,143.6715
3215,136.43512
3216,67.648766
3217,57.952827
3218,224.3725
3219,161.85147
3220,188.02635
3221,140.31244
3222,135.10176
3223,400.9117
3224,154.17609
3225,178.54791
3226,97.587776
3227,299.01123
3228,446.91412
3229,267.3568
3230,254.38765
3231,399.30313
3232,389.26517
3233,282.5654
3234,407.95856
3235,431.00873
3236,289.06268
3237,104.277245
3238,298.9001
3239,456.53778
3240,421.11188
3241,409.97546
3242,180.99255
3243,180.90591
3244,466.10114
3245,406.64282
3246,307.76398
3247,96.92165
3248,138.39378
3249,71.22874
3250,81.51036
3251,329.74533
3252,315.51675
3253,310.0527
3254,137.80203
3255,213.62566
3256,97.31439
3257,185.51714
3258,101.76897
3259,302.61438
3260,191.57768
3261,313.49146
3262,212.02293
3263,157.41187
3264,188.71599
3265,137.89827
3266,181.11348
3267,188.92404
3268,295.6815
3269,56.335907
3270,138.93602
3271,144.3599
3272,225.66873
3273,208.75175
3274,109.25109
3275,214.66476
3276,70.59153
3277,70.47662
3278,103.655396
3279,102.13666
3280,145.42165
3281,73.39149
3282,72.93352
3283,73.92055
3284,86.08779
3285,79.275986
3286,122.759224
3287,73.27874
3288,58.472275
3289,82.846695
3290,81.81163
3291,86.86327
3292,62.062042
3293,58.74133
3294,123.38859
3295,383.66187
3296,140.43922
3297,141.60953
3298,81.77673
3299,272.7404
3300,362.49866
3301,253.54068
3302,203.60895
3303,346.41418
3304,377.9326
3305,237.5992
3306,396.62598
3307,332.86118
3308,71.75296
3309,379.74426
3310,136.1632
3311,178.09053
3312,126.61308
3313,138.42403
3314,79.43396
3315,125.42082
3316,185.49922
3317,173.16284
3318,273.7583
3319,268.12704
3320,170.1483
3321,176.34145
3322,131.10316
3323,406.5085
3324,149.1124
3325,175.93259
3326,93.952576
3327,291.05463
3328,445.35873
3329,269.64224
3330,230.4305
3331,396.4358
3332,379.94797
3333,274.3102
3334,402.34186
3335,430.71265
3336,123.41213
3337,383.6325
3338,141.42131
3339,151.9952
3340,85.48941
3341,273.70535
3342,396.24826
3343,254.81354
3344,225.2279
3345,365.10825
3346,362.68332
3347,259.90048
3348,375.7967
3349,397.68582
3350,119.86967
3351,135.52124
3352,192.04047
3353,125.451965
3354,216.27371
3355,168.61304
3356,78.54685
3357,200.01526
3358,440.50555
3359,432.88336
3360,440.36517
3361,502.93576
3362,455.16296
3363,419.70898
3364,319.1958
3365,347.27347
3366,459.5463
3367,425.04385
3368,111.48462
3369,134.0672
3370,228.67755
3371,409.50726
3372,117.00674
3373,116.380455
3374,59.83783
3375,65.88142
3376,145.51125
3377,140.53087
3378,208.09216
3379,71.024734
3380,118.03829
3381,60.2634
3382,486.30292
3383,463.54926
3384,473.3567
3385,501.8378
3386,460.61487
3387,460.22485
3388,289.56995
3389,314.38272
3390,404.83115
3391,417.54132
3392,70.37063
3393,378.5499
3394,130.23753
3395,106.19873
3396,143.35315
3397,65.0412
3398,63.334496
3399,273.53482
3400,111.93617
3401,72.139046
3402,131.84601
3403,132.55728
3404,65.75039
3405,359.946
3406,125.42905
3407,117.80868
3408,71.11698
3409,165.8106
3410,54.839493
3411,109.99372
3412,122.11177
3413,222.6754
3414,387.2213
3415,426.5111
3416,427.48648
3417,416.63477
3418,488.27017
3419,446.45343
3420,414.46222
3421,306.3089
3422,336.9867
3423,450.83676
3424,408.03372
3425,205.7427
3426,163.06636
3427,167.0437
3428,131.96054
3429,131.83769
3430,189.6828
3431,285.70142
3432,78.20028
3433,118.32761
3434,147.60806
3435,64.166916
3436,57.933025
3437,257.3431
3438,122.64275
3439,70.50262
3440,126.94742
3441,130.63214
3442,147.15395
3443,158.19603
3444,150.39925
3445,79.26145
3446,88.55569
3447,390.5495
3448,408.32675
3449,253.52127
3450,377.11844
3451,146.5722
3452,381.8266
3453,277.27646
3454,152.53864
3455,80.21816
3456,375.8979
3457,413.8466
3458,252.68828
3459,371.21478
3460,158.72672
3461,381.6725
3462,249.47353
3463,164.415
3464,82.78965
3465,114.576096
3466,114.68303
3467,55.521057
3468,59.575546
3469,143.05276
3470,138.26756
3471,201.52719
3472,68.9232
3473,116.54999
3474,58.91065
3475,117.835884
3476,154.85518
3477,155.38402
3478,164.70528
3479,220.32057
3480,154.54607
3481,323.49512
3482,90.09281
3483,59.996624
3484,153.9358
3485,270.1523
3486,77.9578
3487,192.52104
3488,135.02473
3489,428.6052
3490,149.24753
3491,150.79524
3492,94.804276
3493,283.89636
3494,413.42694
3495,269.15704
3496,222.31944
3497,394.92734
3498,400.09644
3499,249.22118
3500,422.49033
3501,381.82266
3502,155.18283
3503,164.91225
3504,68.02504
3505,99.07915
3506,99.82649
3507,144.01512
3508,71.9849
3509,71.15735
3510,72.04047
3511,126.08353
3512,385.3688
3513,144.4088
3514,170.29721
3515,85.485886
3516,288.89838
3517,412.56412
3518,256.6741
3519,217.97711
3520,369.2263
3521,358.0522
3522,268.01917
3523,385.9983
3524,403.005
3525,114.104416
3526,128.0809
3527,221.42336
3528,390.4945
3529,105.58495
3530,128.0809
3531,219.51085
3532,392.45117
3533,394.41708
3534,411.64166
3535,208.48265
3536,380.98605
3537,146.5722
3538,364.57504
3539,226.59013
3540,152.53864
3541,80.21816
3542,101.22546
3543,61.936996
3544,131.16425
3545,49.630398
3546,214.04152
3547,153.61111
3548,184.91524
3549,134.84819
3550,63.07875
3551,347.40692
3552,124.22868
3553,111.19756
3554,144.39561
3555,65.82356
3556,65.79611
3557,265.7699
3558,113.9361
3559,75.20204
3560,132.52908
3561,133.24036
3562,106.189865
3563,146.17067
3564,75.90196
3565,98.78811
3566,77.34393
3567,107.038445
3568,106.94711
3569,148.26509
3570,104.468605
3571,123.40501
3572,306.1499
3573,304.74274
3574,293.77655
3575,140.03442
3576,212.29663
3577,93.76219
3578,186.00629
3579,98.11596
3580,300.0896
3581,187.76993
3582,305.62527
3583,108.43469
3584,68.84569
3585,142.98499
3586,52.414097
3587,128.28995
3588,385.59756
3589,148.30048
3590,169.09926
3591,87.817955
3592,285.10208
3593,428.1211
3594,260.7152
3595,244.74524
3596,377.89838
3597,395.488
3598,270.42886
3599,396.9922
3600,410.52438
3601,386.1194
3602,401.06522
3603,200.28969
3604,375.9886
3605,140.28839
3606,352.08942
3607,218.39717
3608,146.25482
3609,73.93435
3610,66.11082
3611,358.62256
3612,125.789474
3613,104.26863
3614,66.75333
3615,51.396915
3616,92.59409
3617,95.57276
3618,104.13621
3619,125.53349
3620,200.17215
3621,351.97266
3622,223.76196
3623,163.64467
3624,196.37686
3625,144.44934
3626,188.15082
3627,142.17809
3628,148.73975
3629,113.686264
3630,117.52376
3631,171.56436
3632,257.96393
3633,75.32969
3634,102.23138
3635,66.29721
3636,49.257168
3637,92.29253
3638,96.20039
3639,386.0644
3640,401.01022
3641,200.2347
3642,375.9336
3643,140.2334
3644,352.03442
3645,218.34218
3646,146.19983
3647,73.87936
3648,267.14832
3649,95.28003
3650,284.8205
3651,435.439
3652,388.1764
3653,364.48975
3654,170.74225
3655,171.05269
3656,445.57855
3657,374.2544
3658,283.46167
3659,89.86805
3660,150.76419
3661,162.26479
3662,215.91228
3663,149.71576
3664,185.91142
3665,149.44247
3666,104.38077
3667,65.60512
3668,138.50626
3669,47.42167
3670,116.09181
3671,129.74785
3672,185.36803
3673,119.02139
3674,204.74573
3675,172.86101
3676,79.666016
3677,192.60225
3678,329.59802
3679,305.68427
3680,305.51685
3681,141.83899
3682,211.41672
3683,91.21214
3684,185.05833
3685,90.12114
3686,321.1876
3687,189.47124
3688,347.33694
3689,217.62311
3690,156.97928
3691,185.40047
3692,133.59315
3693,221.87831
3694,160.32733
3695,191.63145
3696,141.132
3697,65.1662
3698,98.34497
3699,96.93729
3700,140.2223
3701,69.30174
3702,68.91262
3703,71.13352
3704,204.51173
3705,157.73102
3706,164.25124
3707,132.63596
3708,128.31773
3709,192.55823
3710,268.90314
3711,75.66594
3712,230.87929
3713,164.38683
3714,195.74393
3715,144.56537
3716,454.87845
3717,426.3545
3718,446.4093
3719,501.8055
3720,443.68637
3721,425.3855
3722,306.28928
3723,334.52548
3724,447.58044
3725,397.20773
3726,101.21104
3727,122.35912
3728,197.15337
3729,347.9562
3730,64.985504
3731,360.7839
3732,123.679016
3733,109.72978
3734,108.93461
3735,52.36834
3736,57.611485
3737,136.22594
3738,132.77963
3739,194.98395
3740,63.02872
3741,110.18468
3742,53.849743
3743,107.89489
3744,69.27916
3745,53.479134
3746,91.12241
3747,104.18904
3748,272.0715
3749,92.51364
3750,272.1692
3751,430.83978
3752,381.488
3753,370.37708
3754,171.42531
3755,171.33867
3756,440.08688
3757,364.6056
3758,292.5687
3759,89.34853
3760,110.45344
3761,136.10478
3762,231.31439
3763,409.25284
3764,222.1263
3765,156.8586
3766,188.78308
3767,137.66327
3768,116.7546
3769,131.45499
3770,190.41663
3771,121.534515
3772,216.27371
3773,165.94849
3774,78.54685
3775,198.42427
3776,104.20422
3777,45.64214
3778,108.32495
3779,137.02216
3780,63.617107
3781,61.940983
3782,259.16434
3783,111.03966
3784,71.76871
3785,127.77628
3786,128.48755
3787,109.75516
3788,108.98819
3789,49.19145
3790,52.337498
3791,135.8679
3792,129.36938
3793,188.94081
3794,60.346592
3795,111.47298
3796,50.33647
3797,99.605675
3798,134.29356
3799,130.07845
3800,147.77385
3801,178.43968
3802,134.91554
3803,254.1988
3804,86.76345
3805,59.79962
3806,146.90733
3807,214.46127
3808,73.03634
3809,160.115
3810,145.28558
3811,122.291504
3812,109.807396
3813,173.33174
3814,105.72464
3815,169.2583
3816,142.86803
3817,124.153595
3818,87.583725
3819,85.951035
3820,134.3601
3821,78.46424
3822,59.067352
3823,91.325615
3824,89.327545
3825,93.74341
3826,69.662834
3827,63.75478
3828,68.65823
3829,363.15372
3830,127.92822
3831,96.25755
3832,392.11362
3833,116.15341
3834,239.88202
3835,278.75476
3836,113.49131
3837,294.36508
3838,469.58807
3839,414.51093
3840,382.89813
3841,180.3294
3842,180.3294
3843,467.40448
3844,408.2832
3845,298.64203
3846,98.558205
3847,108.11489
3848,69.33924
3849,142.24039
3850,51.66949
3851,125.63863
3852,384.51816
3853,143.2741
3854,170.09428
3855,85.49313
3856,281.7477
3857,415.29318
3858,256.04056
3859,217.9184
3860,363.66043
3861,355.2924
3862,267.5491
3863,372.4484
3864,403.2868
3865,173.52437
3866,123.1588
3867,124.61846
3868,83.93675
3869,122.43484
3870,190.40138
3871,160.02148
3872,256.4291
3873,262.38806
3874,165.6625
3875,171.57172
3876,70.827545
3877,379.75092
3878,135.23776
3879,313.58453
3880,296.8574
3881,310.92474
3882,136.18713
3883,202.1979
3884,89.76002
3885,179.77573
3886,85.318115
3887,311.54993
3888,185.63205
3889,332.6028
3890,146.81422
3891,121.33292
3892,108.84881
3893,176.80289
3894,104.825584
3895,171.03712
3896,145.29044
3897,128.06645
3898,90.97262
3899,48.372013
3900,46.437817
3901,113.5888
3902,150.83495
3903,151.36378
3904,160.68504
3905,207.6608
3906,150.4476
3907,283.07837
3908,86.76345
3909,57.002056
3910,149.91557
3911,261.88828
3912,74.62844
3913,173.27214
3914,90.99479
3915,49.810833
3916,47.639797
3917,288.18698
3918,82.76889
3919,276.12524
3920,428.13797
3921,439.1306
3922,426.31396
3923,156.81924
3924,156.81924
3925,445.77048
3926,431.66476
3927,292.82208
3928,89.94288
3929,178.22174
3930,202.13571
3931,306.27658
3932,56.53159
3933,141.37997
3934,146.43849
3935,227.981
3936,244.51662
3937,111.87996
3938,221.78299
3939,73.39904
3940,133.88751
3941,378.58307
3942,166.08737
3943,169.55952
3944,95.98646
3945,251.91547
3946,417.29034
3947,232.74622
3948,233.99673
3949,364.99762
3950,416.24048
3951,246.95251
3952,417.83127
3953,372.5809
3954,107.23486
3955,148.70451
3956,76.94696
3957,98.92953
3958,78.92228
3959,108.39273
3960,104.40178
3961,149.3101
3962,104.61002
3963,123.546425
3964,459.71277
3965,436.42215
3966,449.06418
3967,514.6152
3968,455.69696
3969,438.19666
3970,317.1191
3971,347.64935
3972,460.2914
3973,416.16986
3974,71.29604
3975,372.927
3976,131.16296
3977,279.08792
3978,92.14466
3979,255.1659
3980,438.24698
3981,419.68924
3982,420.0106
3983,169.90732
3984,169.82068
3985,467.3088
3986,409.14694
3987,266.90744
3988,100.999954
3989,143.59167
3990,117.99933
3991,105.51522
3992,173.58034
3993,101.492
3994,167.81458
3995,142.06789
3996,125.89914
3997,137.10123
3998,400.89816
3999,151.62103
4000,169.65276
4001,90.70694
4002,298.4275
4003,442.04175
4004,270.30795
4005,246.8321
4006,391.3486
4007,418.47452
4008,282.05283
4009,422.82858
4010,434.76923
4011,411.0066
4012,413.92722
4013,420.15195
4014,480.0749
4015,436.20682
4016,395.3806
4017,303.21753
4018,326.42096
4019,428.34235
4020,398.11072
4021,82.13438
4022,44.209038
4023,42.038002
4024,375.07462
4025,399.20938
4026,245.45773
4027,362.3962
4028,151.05507
4029,370.0651
4030,233.80788
4031,157.32764
4032,79.18752
4033,259.67114
4034,85.851425
4035,238.49464
4036,418.4872
4037,400.77084
4038,393.86734
4039,162.2146
4040,161.69545
4041,452.84613
4042,389.8911
4043,254.55869
4044,92.72006
4045,88.49667
4046,311.95078
4047,108.94357
4048,221.46407
4049,109.99372
4050,122.11177
4051,222.6754
4052,354.5947
4053,87.50388
4054,115.548645
4055,103.218475
4056,171.95354
4057,112.18457
4058,91.513214
4059,98.54505
4060,93.58628
4061,194.14183
4062,164.2455
4063,113.477234
4064,118.90016
4065,78.823654
4066,112.170235
4067,178.43663
4068,150.15956
4069,243.32588
4070,247.15302
4071,155.28024
4072,162.08315
4073,198.80235
4074,153.24582
4075,160.67715
4076,129.83478
4077,127.238495
4078,180.32265
4079,264.79745
4080,76.411415
4081,370.69952
4082,388.90503
4083,213.18027
4084,355.27164
4085,149.23662
4086,346.3959
4087,202.93484
4088,152.3239
4089,78.80717
4090,205.64345
4091,161.09122
4092,167.26074
4093,136.84958
4094,132.23367
4095,197.99983
4096,283.43304
4097,78.670906
4098,109.74711
4099,70.926125
4100,54.17638
4101,98.2149
4102,103.12568
4103,306.98795
4104,101.62015
4105,300.05377
4106,470.78757
4107,473.258
4108,456.1957
4109,168.88295
4110,168.88295
4111,471.69388
4112,472.68115
4113,306.5083
4114,99.218956
4115,85.24653
4116,78.43472
4117,121.84592
4118,72.43891
4119,60.098564
4120,83.3109
4121,81.37239
4122,85.316246
4123,63.21969
4124,58.249542
4125,181.1593
4126,198.1651
4127,310.54977
4128,49.816055
4129,153.17291
4130,143.94865
4131,215.65208
4132,228.70262
4133,123.59689
4134,210.04942
4135,79.79892
4136,385.61475
4137,401.94684
4138,256.94122
4139,371.67322
4140,161.14241
4141,377.00784
4142,274.08606
4143,167.10884
4144,82.138245
4145,61.726753
4146,89.8964
4147,88.34656
4148,127.58057
4149,62.75303
4150,62.363914
4151,358.97934
4152,343.52402
4153,336.7918
4154,143.64026
4155,213.52802
4156,96.26467
4157,186.50336
4158,92.43211
4159,358.34058
4160,192.33907
4161,391.53387
4162,99.37618
4163,135.9503
4164,131.7808
4165,145.83127
4166,176.1091
4167,135.59383
4168,252.8765
4169,86.76345
4170,59.79962
4171,143.59543
4172,216.50116
4173,73.958664
4174,159.517
4175,69.21048
4176,104.3238
4177,102.80506
4178,159.35175
4179,72.936264
4180,72.54714
4181,72.99183
4182,88.46113
4183,366.1295
4184,111.87944
4185,231.24197
4186,68.65823
4187,359.2694
4188,127.92822
4189,116.46176
4190,152.37462
4191,154.91304
4192,164.2343
4193,208.53227
4194,153.99686
4195,291.2557
4196,89.570915
4197,60.51518
4198,165.26917
4199,225.91711
4200,76.75692
4201,176.78284
4202,424.0216
4203,433.36746
4204,421.4689
4205,493.33356
4206,453.41638
4207,429.28754
4208,309.78354
4209,343.22684
4210,458.24954
4211,413.84094
4212,198.64473
4213,152.49649
4214,158.66602
4215,128.3784
4216,123.2487
4217,197.6414
4218,274.3549
4219,72.338425
4220,105.86771
4221,64.64138
4222,136.24731
4223,51.874134
4224,231.76978
4225,151.83069
4226,188.02635
4227,152.41513
4228,111.45812
4229,72.13897
4230,143.5748
4231,54.663948
4232,139.1235
4233,150.41148
4234,86.309456
4235,314.24078
4236,113.89291
4237,214.90324
4238,306.11118
4239,307.1362
4240,288.62955
4241,132.58153
4242,205.41705
4243,93.04277
4244,185.06757
4245,98.685135
4246,289.67532
4247,186.12033
4248,300.5524
4249,123.816734
4250,360.4839
4251,156.01654
4252,159.4887
4253,86.75717
4254,238.90836
4255,399.94345
4256,222.67538
4257,222.38193
4258,330.35065
4259,386.32587
4260,236.68999
4261,382.25003
4262,340.34695
4263,195.26431
4264,213.42325
4265,337.65088
4266,65.85151
4267,151.03218
4268,156.0907
4269,239.8329
4270,252.73769
4271,121.05779
4272,229.84857
4273,82.410866
4274,237.93883
4275,153.04245
4276,191.75713
4277,153.62689
4278,163.4124
4279,185.63289
4280,294.09216
4281,54.803963
4282,143.03412
4283,139.30058
4284,203.60452
4285,212.30232
4286,111.95673
4287,194.93112
4288,73.80867
4289,228.31749
4290,166.22697
4291,198.01636
4292,147.17671
4293,322.61316
4294,306.46863
4295,301.35477
4296,138.83942
4297,209.99336
4298,91.87845
4299,185.91759
4300,92.64835
4301,289.4485
4302,190.62672
4303,325.26038
4304,391.96817
4305,415.53604
4306,235.28413
4307,377.63358
4308,164.53795
4309,372.81433
4310,222.3428
4311,167.8372
4312,84.38679
4313,225.4599
4314,160.18727
4315,192.11668
4316,139.87697
4317,100.46691
4318,65.428276
4319,152.42282
4320,48.53127
4321,63.07875
4322,347.40692
4323,124.22868
4324,81.986855
4325,75.17505
4326,114.03812
4327,67.4475
4328,79.98685
4329,78.003815
4330,82.76234
4331,54.640377
4332,66.7791
4333,363.77487
4334,126.04907
4335,110.42019
4336,150.6108
4337,151.13963
4338,158.07585
4339,215.09398
4340,150.22345
4341,317.23996
4342,83.22445
4343,52.919186
4344,145.96947
4345,264.53467
4346,70.60005
4347,188.02277
4348,181.10579
4349,130.18163
4350,141.5899
4351,81.58932
4352,129.13358
4353,195.89656
4354,176.47293
4355,289.6778
4356,288.0078
4357,171.01448
4358,178.80617
4359,110.93635
4360,147.65807
4361,68.1362
4362,67.93572
4363,280.43118
4364,116.767105
4365,75.20204
4366,135.24132
4367,135.95259
4368,78.66407
4369,71.852264
4370,112.34434
4371,63.70395
4372,79.40839
4373,73.78556
4374,79.023224
4375,51.837215
4376,109.64674
4377,124.3737
4378,223.9766
4379,353.95874
4380,384.9952
4381,417.98282
4382,256.83383
4383,372.99292
4384,157.98341
4385,392.16092
4386,251.06836
4387,164.77792
4388,84.00761
4389,145.31561
4390,119.84939
4391,107.36528
4392,174.16675
4393,103.34206
4394,171.20985
4395,144.9591
4396,126.58291
4397,102.842896
4398,140.61154
4399,70.69624
4400,95.56931
4401,72.81576
4402,103.29244
4403,105.75402
4404,134.59164
4405,99.86463
4406,118.58293
4407,85.63525
4408,78.82344
4409,119.97216
4410,74.14736
4411,58.472275
4412,81.470375
4413,81.65221
4414,86.41073
4415,60.705925
4416,58.288784
4417,66.11082
4418,356.89062
4419,125.789474
4420,397.00458
4421,414.03992
4422,260.63428
4423,383.57352
4424,160.1778
4425,393.04068
4426,254.04074
4427,166.14423
4428,83.43174
4429,96.43436
4430,119.26808
4431,105.28994
4432,176.43347
4433,116.463936
4434,99.0164
4435,103.28916
4436,98.677574
4437,198.35104
4438,210.27452
4439,165.23518
4440,169.93735
4441,139.02196
4442,132.64809
4443,200.70512
4444,288.8152
4445,79.13441
4446,145.88135
4447,155.7894
4448,195.45963
4449,201.11565
4450,301.45587
4451,30.438442
4452,139.34062
4453,145.62787
4454,228.5093
4455,244.27782
4456,111.007965
4457,221.47313
4458,72.348404
4459,109.42938
4460,125.53349
4461,217.14662
4462,390.3407
4463,94.66516
4464,117.15722
4465,104.4063
4466,174.9422
4467,111.577095
4468,94.12956
4469,101.582146
4470,96.16179
4471,195.75424
4472,94.381584
4473,117.0158
4474,104.264885
4475,173.89719
4476,111.43568
4477,93.64635
4478,101.44073
4479,96.16179
4480,193.91827
4481,175.19597
4482,132.24236
4483,141.00824
4484,106.19052
4485,110.114655
4486,161.60426
4487,247.38336
4488,67.9279
4489,248.28484
4490,92.791046
4491,268.8124
4492,444.84906
4493,378.2355
4494,376.8743
4495,169.3667
4496,159.04874
4497,438.08997
4498,362.83548
4499,282.3293
4500,89.03083
4501,106.87901
4502,144.98302
4503,140.81352
4504,155.04184
4505,185.43942
4506,145.3744
4507,276.22092
4508,93.55
4509,67.5332
4510,148.76869
4511,230.08258
4512,80.27461
4513,168.7878
4514,126.44394
4515,389.46094
4516,146.85716
4517,171.22899
4518,90.02642
4519,290.4743
4520,428.40475
4521,263.4662
4522,239.43013
4523,375.91586
4524,368.43997
4525,268.95096
4526,396.38608
4527,411.12622
4528,96.93643
4529,59.52362
4530,155.23093
4531,48.96674
4532,93.394455
4533,320.629
4534,112.82832
4535,226.60797
4536,293.88647
4537,87.54022
4538,285.70117
4539,436.186
4540,451.5558
4541,443.33035
4542,162.62767
4543,162.54103
4544,454.61447
4545,442.73764
4546,299.2758
4547,93.3064
4548,134.45477
4549,69.92488
4550,80.95556
4551,144.2226
4552,77.121086
4553,87.40271
4554,104.26863
4555,67.08811
4556,51.396915
4557,94.22448
4558,98.99768
4559,71.32863
4560,373.5193
4561,130.38919
4562,110.85897
4563,112.87502
4564,60.135178
4565,138.90166
4566,133.66942
4567,65.55243
4568,55.542294
4569,102.59834
4570,124.10137
4571,215.80783
4572,389.63675
4573,275.61304
4574,158.41815
4575,113.9287
4576,160.0896
4577,182.27144
4578,152.30493
4579,110.37773
4580,97.59654
4581,109.33278
4582,84.721054
4583,80.6815
4584,88.060814
4585,110.42254
4586,97.01812
4587,166.31029
4588,102.72003
4589,85.0437
4590,92.11723
4591,86.697075
4592,184.27353
4593,135.68727
4594,147.72789
4595,180.74171
4596,134.68234
4597,141.244
4598,106.19052
4599,110.114655
4600,162.22527
4601,245.34348
4602,68.03126
4603,116.8352
4604,131.61893
4605,237.15224
4606,376.68472
4607,148.8437
4608,159.59166
4609,212.50201
4610,212.60553
4611,315.0706
4612,52.579506
4613,152.37701
4614,152.31017
4615,242.04272
4616,252.55632
4617,122.801
4618,235.4544
4619,79.00303
4620,423.7133
4621,419.10083
4622,417.41147
4623,476.6385
4624,440.91953
4625,397.27197
4626,305.7639
4627,334.6996
4628,447.1137
4629,410.4623
4630,113.63985
4631,72.743225
4632,161.95596
4633,56.01592
4634,371.11572
4635,394.53854
4636,246.881
4637,357.68466
4638,153.73413
4639,365.1252
4640,262.20343
4641,159.70056
4642,80.35622
4643,284.66873
4644,113.35617
4645,294.70065
4646,477.91287
4647,423.0125
4648,399.70767
4649,180.19427
4650,180.19427
4651,466.9888
4652,416.7848
4653,305.8003
4654,98.423065
4655,399.27603
4656,414.92728
4657,212.96535
4658,387.27377
4659,149.62683
4660,368.68875
4661,231.90091
4662,156.42134
4663,84.44307
4664,230.18971
4665,167.12915
4666,191.92706
4667,145.59012
4668,71.32863
4669,377.4036
4670,130.38919
4671,109.88036
4672,121.95454
4673,221.84457
4674,381.40622
4675,126.87942
4676,366.3067
4677,159.39532
4678,162.86748
4679,90.304924
4680,243.74966
4681,401.43427
4682,231.09897
4683,225.7254
4684,336.6242
4685,387.99237
4686,239.17912
4687,398.74927
4688,345.1018
4689,63.51422
4690,350.6048
4691,124.664154
4692,105.58495
4693,128.0809
4694,202.87515
4695,356.42142
4696,82.75767
4697,311.05057
4698,108.94357
4699,215.37587
4700,118.88
4701,133.40643
4702,236.4769
4703,372.59048
4704,107.26319
4705,69.824455
4706,155.5793
4707,51.53435
4708,241.11159
4709,152.37584
4710,188.29315
4711,152.68193
4712,123.80252
4713,139.25291
4714,206.59033
4715,130.63408
4716,230.3107
4717,173.25783
4718,81.9445
4719,207.39809
4720,114.53917
4721,114.6461
4722,55.83237
4723,62.8838
4724,141.24658
4725,138.05196
4726,201.12144
4727,68.30105
4728,117.048935
4729,58.29091
4730,100.56483
4731,123.143524
4732,110.39261
4733,181.07355
4734,117.63962
4735,102.317696
4736,107.869606
4737,102.05878
4738,204.87932
4739,266.1575
4740,92.64878
4741,281.01016
4742,431.69153
4743,379.74887
4744,354.0252
4745,171.56044
4746,171.4738
4747,440.93863
4748,362.86646
4749,285.41043
4750,89.48367
4751,113.6015
4752,113.708435
4753,54.60159
4754,60.005955
4755,141.43742
4756,137.27554
4757,207.14047
4758,68.81353
4759,115.10123
4760,59.02367
4761,114.854065
4762,125.09136
4763,186.62074
4764,120.30585
4765,200.95868
4766,166.89883
4767,93.60775
4768,195.93544
4769,106.36095
4770,108.86367
4771,59.444424
4772,136.1032
4773,128.8586
4774,65.660774
4775,55.752853
4776,121.1146
4777,150.75986
4778,66.95391
4779,63.180244
4780,243.15811
4781,125.103745
4782,68.38003
4783,129.29941
4784,129.74797
4785,116.52269
4786,161.94379
4787,69.626045
4788,69.03174
4789,289.6352
4790,123.26427
4791,78.03939
4792,144.3857
4793,142.68459
4794,194.93973
4795,204.07867
4796,303.92862
4797,43.634426
4798,146.02654
4799,152.31378
4800,232.20781
4801,248.56061
4802,115.275215
4803,222.42982
4804,76.9872
4805,97.53841
4806,120.69508
4807,107.421715
4808,176.96072
4809,113.15063
4810,95.3613
4811,103.67813
4812,98.33251
4813,198.58531
4814,84.38569
4815,46.32194
4816,44.150906
4817,62.718323
4818,348.8356
4819,123.868256
4820,378.7501
4821,407.5866
4822,246.59488
4823,373.15985
4824,162.48395
4825,380.31046
4826,233.1703
4827,165.46901
4828,87.898125
4829,370.69952
4830,388.90503
4831,213.18027
4832,355.27164
4833,149.23662
4834,346.3959
4835,202.93484
4836,152.3239
4837,78.80717
4838,123.181725
4839,136.2489
4840,193.01892
4841,125.09903
4842,211.81766
4843,179.51195
4844,85.10665
4845,199.71599
4846,118.60042
4847,132.49007
4848,233.56229
4849,399.308
4850,94.70784
4851,87.896034
4852,133.74031
4853,81.78917
4854,69.4185
4855,94.649124
4856,90.95954
4857,94.616936
4858,73.84663
4859,66.9568
4860,457.39627
4861,449.91397
4862,430.28915
4863,527.31415
4864,468.74994
4865,433.5449
4866,319.34186
4867,347.4393
4868,481.6274
4869,419.18805
4870,166.12671
4871,118.87834
4872,163.7305
4873,188.71532
4874,159.57384
4875,118.11122
4876,99.464775
4877,117.15291
4878,85.20442
4879,136.78462
4880,72.11709
4881,82.03048
4882,109.99372
4883,122.11177
4884,222.6754
4885,387.2213
4886,106.383316
4887,66.09603
4888,159.03635
4889,51.73938
4890,106.83985
4891,66.48626
4892,163.89879
4893,56.23629
4894,323.24728
4895,313.76416
4896,307.33804
4897,145.67691
4898,213.2236
4899,98.76681
4900,189.44547
4901,99.11092
4902,296.29553
4903,192.87012
4904,336.65247
4905,73.37935
4906,37.527554
4907,112.55103
4908,168.57576
4909,66.95573
4910,66.647995
4911,294.81412
4912,117.08179
4913,74.28729
4914,132.86179
4915,133.57306
4916,89.26611
4917,113.36741
4918,98.13677
4919,170.35231
4920,104.53839
4921,86.9487
4922,94.35634
4923,91.75027
4924,187.28654
4925,81.75728
4926,111.3725
4927,94.22757
4928,165.4327
4929,103.224945
4930,84.52922
4931,92.36143
4932,86.68544
4933,181.94502
4934,174.49844
4935,121.107216
4936,130.83545
4937,76.04847
4938,122.64233
4939,188.1372
4940,165.04765
4941,257.05594
4942,260.03726
4943,167.77928
4944,172.72044
4945,174.78738
4946,120.68249
4947,134.61606
4948,77.07415
4949,122.64233
4950,186.9804
4951,169.91136
4952,270.0707
4953,259.3985
4954,167.49483
4955,173.35612
4956,250.52528
4957,96.46139
4958,277.5068
4959,452.0155
4960,388.47916
4961,393.00912
4962,174.07413
4963,163.66953
4964,447.18524
4965,373.07913
4966,289.25375
4967,92.645645
4968,151.73187
4969,127.23258
4970,114.83511
4971,181.54529
4972,111.14421
4973,180.20383
4974,151.54361
4975,127.44833
4976,150.53635
4977,124.816475
4978,112.71908
4979,181.55377
4980,108.69414
4981,175.56992
4982,152.69843
4983,132.4248
4984,150.8498
4985,125.17552
4986,113.00559
4987,183.23871
4988,108.376785
4989,178.2992
4990,152.05858
4991,132.33429
4992,114.04127
4993,127.64544
4994,220.16414
4995,395.10397
4996,277.30084
4997,101.35227
4998,298.41248
4999,453.3237
5000,429.5991
5001,439.75922
5002,178.13141
5003,178.04477
5004,458.1358
5005,419.71713
5006,310.67715
5007,96.89029
5008,123.816734
5009,360.4839
5010,156.01654
5011,159.4887
5012,86.75717
5013,238.90836
5014,399.94345
5015,222.67538
5016,222.38193
5017,330.35065
5018,386.32587
5019,236.68999
5020,382.25003
5021,340.34695
5022,133.24698
5023,397.7882
5024,151.05269
5025,172.87927
5026,92.89542
5027,294.58395
5028,437.28436
5029,271.25894
5030,244.21146
5031,387.8259
5032,406.43713
5033,278.9069
5034,410.72382
5035,417.2092
5036,70.95707
5037,381.25397
5038,135.3673
5039,126.6928
5040,141.84941
5041,199.3943
5042,132.80577
5043,223.62755
5044,175.96687
5045,84.80607
5046,206.70547
5047,63.253124
5048,94.01753
5049,95.18562
5050,131.2516
5051,65.32442
5052,64.496864
5053,65.922325
5054,222.45999
5055,151.83069
5056,188.02635
5057,152.41513
5058,116.78609
5059,157.59279
5060,158.12163
5061,171.20613
5062,216.02824
5063,155.82552
5064,288.63107
5065,89.42483
5066,52.63726
5067,163.34073
5068,272.73584
5069,77.913666
5070,181.4344
5071,65.40338
5072,98.178764
5073,96.66003
5074,134.3848
5075,68.44998
5076,68.06086
5077,67.95481
5078,192.86554
5079,210.01874
5080,320.62628
5081,64.41464
5082,146.63364
5083,154.32152
5084,236.25565
5085,252.39964
5086,117.62859
5087,229.66602
5088,77.43203
5089,333.1363
5090,321.86237
5091,331.8338
5092,150.09666
5093,216.28694
5094,101.715355
5095,191.56396
5096,95.07017
5097,334.0661
5098,199.72154
5099,355.119
5100,208.19405
5101,211.31761
5102,310.30145
5103,58.302048
5104,152.51215
5105,152.4453
5106,241.5575
5107,231.72633
5108,122.93614
5109,232.05089
5110,79.13817
5111,65.40338
5112,95.633354
5113,96.801445
5114,135.42981
5115,69.49498
5116,68.66743
5117,68.99981
5118,162.37477
5119,170.29306
5120,102.64927
5121,66.21701
5122,136.68813
5123,47.209854
5124,97.61836
5125,63.68231
5126,145.84784
5127,48.17084
5128,171.3417
5129,120.99156
5130,125.85042
5131,84.99288
5132,121.847206
5133,185.53108
5134,158.94637
5135,258.57077
5136,265.79947
5137,166.34045
5138,169.82614
5139,71.09287
5140,369.86472
5141,130.43561
5142,100.46691
5143,65.428276
5144,152.42282
5145,48.53127
5146,86.88091
5147,81.664024
5148,123.50212
5149,75.55716
5150,59.89982
5151,84.34426
5152,83.50642
5153,87.74339
5154,61.713097
5155,59.759357
5156,174.78738
5157,120.68249
5158,134.61606
5159,77.07415
5160,122.64233
5161,186.9804
5162,169.91136
5163,270.0707
5164,259.3985
5165,167.49483
5166,173.35612
5167,106.18418
5168,116.00252
5169,174.61488
5170,111.68672
5171,189.30423
5172,158.22902
5173,87.44346
5174,186.60728
5175,73.43663
5176,105.28834
5177,103.42135
5178,148.07664
5179,72.02621
5180,71.637085
5181,71.6913
5182,66.54151
5183,99.60923
5184,98.201546
5185,142.9881
5186,69.456375
5187,69.06725
5188,123.41213
5189,383.6325
5190,141.42131
5191,151.9952
5192,85.48941
5193,273.70535
5194,396.24826
5195,254.81354
5196,225.2279
5197,365.10825
5198,362.68332
5199,259.90048
5200,375.7967
5201,397.68582
5202,433.48453
5203,425.78152
5204,431.03674
5205,495.34174
5206,448.06113
5207,411.43436
5208,312.09396
5209,340.10425
5210,450.88184
5211,417.97284
5212,85.95878
5213,84.32609
5214,130.822
5215,77.83425
5216,88.686035
5217,87.7026
5218,92.11846
5219,62.129833
5220,216.78159
5221,156.15195
5222,182.21793
5223,135.87187
5224,466.576
5225,458.417
5226,457.9424
5227,487.9263
5228,455.4826
5229,437.97012
5230,283.60947
5231,308.73538
5232,389.70972
5233,400.78378
5234,473.31473
5235,449.40094
5236,462.19116
5237,518.51306
5238,466.73282
5239,447.06387
5240,316.0189
5241,345.75632
5242,465.39493
5243,413.44037
5244,112.365746
5245,112.47269
5246,52.805702
5247,61.4876
5248,138.55153
5249,131.88861
5250,196.04852
5251,66.89644
5252,113.85504
5253,55.466194
5254,212.7687
5255,159.00394
5256,164.12689
5257,134.25308
5258,129.34337
5259,196.97624
5260,302.13153
5261,76.01258
5262,114.44436
5263,129.32297
5264,188.2846
5265,119.31586
5266,214.05505
5267,163.7454
5268,77.4208
5269,195.64421
5270,116.925095
5271,117.032036
5272,58.872997
5273,65.854095
5274,144.54974
5275,140.65825
5276,207.14043
5277,70.30712
5278,118.32486
5279,61.480167
5280,114.04127
5281,127.64544
5282,220.16414
5283,395.10397
5284,248.28484
5285,92.791046
5286,268.8124
5287,444.84906
5288,378.2355
5289,376.8743
5290,169.3667
5291,159.04874
5292,438.08997
5293,362.83548
5294,282.3293
5295,89.03083
5296,64.22088
5297,354.58728
5298,122.27019
5299,160.95863
5300,110.957565
5301,116.06445
5302,76.04847
5303,112.73467
5304,175.63625
5305,149.05153
5306,242.98091
5307,250.42786
5308,155.21808
5309,158.80598
5310,151.84923
5311,161.57864
5312,85.976616
5313,47.77071
5314,45.308277
5315,106.00198
5316,65.7147
5317,134.74997
5318,49.556587
5319,207.19116
5320,203.43073
5321,286.30252
5322,33.817657
5323,141.12589
5324,147.41313
5325,234.80257
5326,239.87163
5327,112.041046
5328,224.70964
5329,73.45379
5330,95.844215
5331,126.35757
5332,107.38925
5333,177.03209
5334,114.08775
5335,96.765144
5336,103.67092
5337,95.83819
5338,198.1109
5339,112.55283
5340,143.25609
5341,62.921696
5342,56.103924
5343,215.69044
5344,116.774666
5345,65.02069
5346,123.287994
5347,125.1722
5348,216.78159
5349,156.15195
5350,182.21793
5351,135.87187
5352,234.71744
5353,166.92583
5354,201.37425
5355,141.08873
5356,105.75186
5357,68.313126
5358,147.13835
5359,51.80114
5360,97.53841
5361,120.69508
5362,108.058235
5363,176.81856
5364,112.80883
5365,95.3613
5366,103.67813
5367,98.33251
5368,198.58531
5369,276.33353
5370,163.27596
5371,113.85834
5372,164.9474
5373,187.76453
5374,161.09734
5375,114.79315
5376,97.03255
5377,113.17266
5378,87.83794
5379,84.56643
5380,86.42661
5381,44.0733
5382,281.6302
5383,97.21263
5384,280.785
5385,441.76083
5386,404.3245
5387,387.71533
5388,174.33707
5389,174.25043
5390,449.3595
5391,389.85544
5392,297.84357
5393,93.82169
5394,116.3885
5395,115.762215
5396,58.926476
5397,63.21192
5398,146.11064
5399,140.07388
5400,214.11119
5401,71.74559
5402,117.56221
5403,61.204536
5404,211.07005
5405,164.92062
5406,170.06169
5407,137.40483
5408,131.62242
5409,197.83498
5410,276.85678
5411,78.787766
5412,94.381584
5413,117.0158
5414,104.901405
5415,173.75502
5416,111.09388
5417,93.64635
5418,101.44073
5419,96.16179
5420,194.57994
5421,63.52966
5422,93.13554
5423,93.67815
5424,140.3361
5425,66.15758
5426,65.62143
5427,66.50455
5428,415.37808
5429,420.21942
5430,408.46558
5431,501.15558
5432,439.0554
5433,393.94897
5434,303.21753
5435,327.0651
5436,431.19092
5437,388.60654
5438,110.15258
5439,148.38123
5440,149.6627
5441,156.14507
5442,201.69244
5443,148.74652
5444,276.72974
5445,85.17854
5446,54.31848
5447,142.36874
5448,256.87085
5449,72.903534
5450,170.5919
5451,397.00458
5452,414.03992
5453,260.63428
5454,383.57352
5455,160.1778
5456,393.04068
5457,254.04074
5458,166.14423
5459,83.43174
5460,77.38268
5461,39.869564
5462,37.40713
5463,110.16316
5464,119.260086
5465,178.30692
5466,115.11397
5467,189.49533
5468,161.42632
5469,88.362305
5470,188.23103
5471,195.45963
5472,201.11565
5473,301.45587
5474,30.438442
5475,139.34062
5476,145.62787
5477,228.5093
5478,244.27782
5479,111.007965
5480,221.47313
5481,72.348404
5482,106.65612
5483,66.15255
5484,160.8325
5485,49.41128
5486,87.55558
5487,80.743774
5488,124.043915
5489,74.63691
5490,62.407635
5491,85.61995
5492,83.68144
5493,88.00067
5494,64.68345
5495,59.878735
5496,268.3794
5497,155.30083
5498,113.81765
5499,159.51395
5500,182.27144
5501,151.72928
5502,110.26668
5503,97.285416
5504,109.221725
5505,84.721054
5506,80.37038
5507,132.19188
5508,394.8357
5509,150.22368
5510,178.4215
5511,97.140205
5512,295.19345
5513,438.55582
5514,265.70053
5515,247.69867
5516,383.56265
5517,380.4811
5518,277.0173
5519,400.3154
5520,418.69717
5521,123.816734
5522,371.8666
5523,143.91385
5524,158.66475
5525,78.224976
5526,279.38077
5527,415.14236
5528,256.30182
5529,212.60426
5530,363.07315
5531,389.57773
5532,267.25888
5533,385.5019
5534,398.43463
5535,140.67747
5536,92.56298
5537,75.4779
5538,101.21803
5539,103.49678
5540,132.6287
5541,96.223045
5542,114.18135
5543,94.56642
5544,87.754616
5545,131.09541
5546,81.64775
5547,69.4185
5548,92.96311
5549,91.111244
5550,94.47552
5551,72.80163
5552,66.815384
5553,146.67168
5554,121.79376
5555,109.309654
5556,179.16785
5557,104.995026
5558,173.80688
5559,148.28587
5560,128.63834
5561,150.73418
5562,125.939896
5563,113.45579
5564,181.03984
5565,109.37303
5566,174.15753
5567,148.44543
5568,130.70909
5569,88.947754
5570,49.7318
5571,47.560764
5572,127.98661
5573,386.01865
5574,148.94606
5575,173.9132
5576,92.6319
5577,287.0177
5578,428.55945
5579,260.548
5580,240.81267
5581,374.2875
5582,373.16504
5583,271.1994
5584,390.23273
5585,411.41223
5586,110.57674
5587,151.6437
5588,78.077866
5589,103.41185
5590,79.90426
5591,110.716354
5592,109.79083
5593,148.27351
5594,106.84805
5595,126.2052
5596,110.94048
5597,146.40778
5598,149.6627
5599,155.0985
5600,200.31749
5601,147.69995
5602,274.28687
5603,85.17854
5604,54.31848
5605,146.71986
5606,220.13617
5607,71.65807
5608,168.149
5609,152.76193
5610,164.93518
5611,128.85544
5612,393.19476
5613,146.77803
5614,157.35191
5615,90.00458
5616,281.36572
5617,405.05826
5618,260.25693
5619,230.69353
5620,376.19672
5621,369.67587
5622,265.4527
5623,388.36926
5624,408.7587
5625,136.66675
5626,116.49844
5627,104.014336
5628,170.04198
5629,99.99111
5630,164.27621
5631,138.0706
5632,121.00633
5633,106.197235
5634,141.67656
5635,63.2067
5636,61.538353
5637,240.73166
5638,111.37502
5639,71.422745
5640,130.20485
5641,131.87392
5642,76.90521
5643,36.172153
5644,109.646576
5645,71.70548
5646,54.414524
5647,100.80849
5648,102.446495
5649,277.6528
5650,162.23094
5651,114.07052
5652,163.90239
5653,186.19313
5654,154.91963
5655,114.10175
5656,97.18253
5657,112.260994
5658,87.83794
5659,83.52143
5660,67.6337
5661,348.48224
5662,127.27905
5663,228.89917
5664,157.73033
5665,192.96799
5666,158.45984
5667,125.77377
5668,385.3699
5669,143.40923
5670,153.98311
5671,87.85647
5672,274.58945
5673,397.2334
5674,255.5553
5675,227.32472
5676,362.5812
5677,361.75433
5678,262.08386
5679,378.91034
5680,402.20755
5681,174.39441
5682,195.9334
5683,305.0451
5684,51.40629
5685,138.90515
5686,143.96367
5687,225.70119
5688,238.2054
5689,110.5725
5690,219.12714
5691,71.91294
5692,152.22896
5693,105.66076
5694,82.0981
5695,111.93466
5696,117.38193
5697,145.31183
5698,109.92267
5699,129.81526
5700,216.78159
5701,156.15195
5702,182.21793
5703,135.87187
5704,441.95895
5705,419.3151
5706,448.2645
5707,475.6598
5708,459.6048
5709,435.12244
5710,310.8568
5711,341.7444
5712,464.19925
5713,427.9642
5714,114.634834
5715,148.2773
5716,69.39738
5717,69.321884
5718,254.66083
5719,117.89622
5720,79.10457
5721,135.9467
5722,136.60875
5723,369.6088
5724,407.17853
5725,233.47911
5726,364.52902
5727,156.90997
5728,373.19058
5729,225.22865
5730,160.27042
5731,82.699524
5732,116.750595
5733,148.97437
5734,68.474014
5735,66.73131
5736,254.2816
5737,119.429596
5738,76.99596
5739,137.0046
5740,137.66664
5741,276.52963
5742,97.284744
5743,291.42874
5744,443.1218
5745,408.46225
5746,399.228
5747,176.25923
5748,176.17259
5749,452.68512
5750,393.9932
5751,300.2926
5752,94.2344
5753,113.72975
5754,70.92835
5755,161.7967
5756,55.263653
5757,94.248955
5758,128.8502
5759,124.63513
5760,142.41713
5761,173.00687
5762,129.47218
5763,244.41202
5764,83.75012
5765,54.460167
5766,140.40276
5767,204.67538
5768,68.34121
5769,152.78128
5770,63.007774
5771,337.5436
5772,123.408936
5773,208.72946
5774,202.16617
5775,277.141
5776,41.90248
5777,146.02654
5778,142.293
5779,230.2953
5780,246.6481
5781,115.275215
5782,220.51732
5783,76.9872
5784,133.2891
5785,67.66576
5786,79.76169
5787,373.4856
5788,392.8499
5789,245.6286
5790,360.8072
5791,151.05507
5792,364.34976
5793,262.32568
5794,157.32764
5795,79.18752
5796,134.74133
5797,403.24774
5798,151.72772
5799,178.54791
5800,93.04724
5801,298.3671
5802,437.50168
5803,267.3568
5804,232.93463
5805,399.04175
5806,379.80917
5807,282.5654
5808,398.50256
5809,429.31567
5810,71.29071
5811,358.8952
5812,132.18475
5813,91.13695
5814,49.810833
5815,47.639797
5816,89.03087
5817,44.528015
5818,105.0914
5819,128.4007
5820,219.83064
5821,393.1958
5822,116.7213
5823,115.957405
5824,54.79459
5825,65.182365
5826,142.64052
5827,140.50291
5828,204.23174
5829,70.59958
5830,117.287674
5831,59.207108
5832,376.77817
5833,398.8502
5834,255.15462
5835,363.3471
5836,157.27557
5837,372.84433
5838,269.92255
5839,163.242
5840,79.93905
5841,84.20931
5842,46.003403
5843,43.832367
5844,128.7203
5845,392.34302
5846,146.6429
5847,173.46309
5848,87.64124
5849,288.524
5850,423.11804
5851,260.74213
5852,221.2872
5853,377.27594
5854,363.21393
5855,270.91794
5856,381.90732
5857,409.8379
5858,452.6326
5859,431.54327
5860,450.5264
5861,501.6508
5862,448.87512
5863,423.98358
5864,306.69977
5865,332.27997
5866,447.53723
5867,402.82074
5868,142.17004
5869,94.24748
5870,78.088135
5871,103.32471
5872,102.698296
5873,132.55907
5874,96.02539
5875,115.86585
5876,139.21783
5877,73.68686
5878,82.53369
5879,190.6527
5880,194.28076
5881,304.8911
5882,60.615593
5883,144.48828
5884,149.91216
5885,231.221
5886,214.21738
5887,114.70113
5888,220.20145
5889,75.28666
5890,145.188
5891,121.35586
5892,108.87175
5893,175.7337
5894,104.848526
5895,171.06006
5896,145.45554
5897,128.08939
5898,179.74622
5899,136.87924
5900,145.64513
5901,110.82742
5902,114.95204
5903,168.0845
5904,257.145
5905,75.36439
5906,93.346504
5907,115.160446
5908,99.65965
5909,174.89429
5910,106.24163
5911,93.56072
5912,100.4665
5913,95.04614
5914,195.21735
5915,67.0005
5916,100.179276
5917,98.66054
5918,141.86867
5919,70.29074
5920,69.90162
5921,70.346306
5922,426.5111
5923,427.48648
5924,416.63477
5925,488.27017
5926,446.45343
5927,414.46222
5928,306.3089
5929,336.9867
5930,450.83676
5931,408.03372
5932,263.1665
5933,88.426605
5934,243.47377
5935,420.02686
5936,399.93454
5937,401.64236
5938,163.02574
5939,162.9391
5940,455.86594
5941,391.11636
5942,255.88724
5943,94.617584
5944,101.21104
5945,122.35912
5946,197.15337
5947,347.9562
5948,114.66887
5949,156.05003
5950,81.262634
5951,106.47202
5952,83.06797
5953,114.4958
5954,114.19714
5955,147.23296
5956,110.54924
5957,129.48564
5958,263.16846
5959,95.472565
5960,278.5861
5961,425.98492
5962,401.04535
5963,425.45847
5964,172.26466
5965,172.17802
5966,439.30292
5967,386.5763
5968,294.4472
5969,89.97281
5970,150.75137
5971,159.14668
5972,292.29727
5973,176.00172
5974,128.28773
5975,177.85936
5976,200.61696
5977,177.24939
5978,122.48782
5979,107.94386
5980,121.74978
5981,98.389
5982,92.340034
5983,114.51958
5984,131.61893
5985,230.14131
5986,410.73438
5987,83.735825
5988,42.348843
5989,84.52785
5990,46.32194
5991,44.150906
5992,287.08295
5993,170.86093
5994,124.94712
5995,174.21962
5996,195.06372
5997,169.09915
5998,121.317055
5999,102.07566
6000,120.44776
6001,94.43524
6002,88.6575
6003,123.816734
6004,360.4839
6005,156.01654
6006,159.4887
6007,86.75717
6008,238.90836
6009,399.94345
6010,222.67538
6011,222.38193
6012,330.35065
6013,386.32587
6014,236.68999
6015,382.25003
6016,340.34695
6017,107.55035
6018,66.71956
6019,161.02148
6020,55.324707
6021,104.31334
6022,65.917496
6023,49.535824
6024,85.29178
6025,96.806816
6026,112.98033
6027,127.42016
6028,227.3102
6029,358.3409
6030,64.09135
6031,353.08423
6032,122.140656
6033,166.76653
6034,116.400925
6035,121.42117
6036,80.334145
6037,115.23812
6038,181.10187
6039,152.8248
6040,247.8428
6041,251.80136
6042,157.53418
6043,163.90302
6044,115.398056
6045,135.30888
6046,231.96768
6047,409.05707
6048,368.43796
6049,357.24323
6050,355.15494
6051,151.0614
6052,222.36833
6053,100.75261
6054,197.49069
6055,94.00658
6056,367.5505
6057,202.39703
6058,400.7438
6059,126.87942
6060,382.1352
6061,159.39532
6062,172.88826
6063,83.321625
6064,286.4716
6065,431.79446
6066,262.81287
6067,254.38188
6068,400.60797
6069,387.99237
6070,267.83554
6071,398.74927
6072,413.97073
6073,274.82986
6074,96.46139
6075,288.5449
6076,443.51892
6077,394.74182
6078,370.28238
6079,174.07413
6080,173.98749
6081,449.32486
6082,380.27277
6083,290.76538
6084,92.645645
6085,105.59198
6086,140.32056
6087,136.10544
6088,156.01996
6089,186.45473
6090,140.94254
6091,263.99942
6092,92.749756
6093,65.78596
6094,152.54443
6095,225.82921
6096,80.505356
6097,167.56097
6098,258.94653
6099,85.427315
6100,233.36516
6101,410.8571
6102,385.27313
6103,390.20093
6104,159.29407
6105,159.20743
6106,450.59738
6107,376.45502
6108,249.22627
6109,89.97281
6110,207.69724
6111,153.54306
6112,158.66602
6113,128.3784
6114,123.2487
6115,199.18927
6116,295.62488
6117,72.338425
6118,80.10812
6119,111.3725
6120,94.8725
6121,166.3065
6122,103.224945
6123,85.77741
6124,95.797424
6125,89.57059
6126,182.93372
6127,89.92202
6128,324.05542
6129,115.58483
6130,223.41386
6131,470.1824
6132,443.51373
6133,467.59344
6134,525.9161
6135,460.8456
6136,446.02063
6137,314.13336
6138,347.21933
6139,459.95755
6140,419.7789
6141,109.40765
6142,137.8435
6143,63.417004
6144,61.6062
6145,243.63828
6146,112.12236
6147,71.43392
6148,128.9082
6149,129.57025
6150,110.77083
6151,125.034454
6152,218.08975
6153,384.3804
6154,217.62311
6155,153.47598
6156,185.40047
6157,134.71306
6158,209.98787
6159,152.54988
6160,155.29086
6161,125.8915
6162,120.90195
6163,191.17767
6164,322.43625
6165,69.68519
6166,144.27348
6167,77.09336
6168,87.39006
6169,154.20042
6170,164.94838
6171,108.62706
6172,108.73399
6173,50.79412
6174,57.94879
6175,136.44073
6176,131.55103
6177,198.45975
6178,67.555466
6179,110.03346
6180,57.86782
6181,106.155655
6182,121.56323
6183,210.51932
6184,378.51486
6185,231.00072
6186,166.93076
6187,200.75389
6188,142.20863
6189,175.66243
6190,124.73834
6191,136.23318
6192,77.07415
6193,123.66799
6194,190.43094
6195,171.00731
6196,282.68524
6197,278.51755
6198,165.46222
6199,173.35612
6200,97.61836
6201,63.68231
6202,145.84784
6203,48.17084
6204,92.05439
6205,113.84536
6206,102.02434
6207,169.98137
6208,109.758736
6209,92.22456
6210,99.10736
6211,90.56179
6212,191.3677
6213,403.30154
6214,426.00748
6215,260.7556
6216,401.78226
6217,154.02997
6218,399.75238
6219,288.8358
6220,159.07382
6221,87.05907
6222,275.61304
6223,158.41815
6224,113.9287
6225,160.0896
6226,182.27144
6227,152.30493
6228,110.37773
6229,97.59654
6230,109.33278
6231,84.721054
6232,80.6815
6233,178.65207
6234,127.727936
6235,138.90631
6236,78.90574
6237,126.45001
6238,193.21297
6239,173.78934
6240,286.57077
6241,283.1168
6242,168.4401
6243,175.26485
6244,443.52377
6245,418.68823
6246,424.4994
6247,494.29623
6248,437.0633
6249,405.2256
6250,307.49274
6251,345.2184
6252,443.25748
6253,395.9054
6254,234.71744
6255,166.92583
6256,201.37425
6257,141.08873
6258,108.01386
6259,67.754684
6260,136.57063
6261,51.270233
6262,121.3944
6263,142.49095
6264,204.79117
6265,132.63277
6266,229.23553
6267,177.8073
6268,85.44372
6269,211.1931
6270,103.75422
6271,49.33955
6272,46.877117
6273,366.77014
6274,395.32745
6275,239.0979
6276,361.77652
6277,150.68591
6278,364.96335
6279,237.77545
6280,156.97072
6281,77.01614
6282,142.48206
6283,117.246185
6284,104.24667
6285,174.13225
6286,100.51877
6287,168.69711
6288,143.55867
6289,129.83144
6290,117.02007
6291,132.16556
6292,233.86061
6293,371.55246
6294,134.44073
6295,412.41428
6296,149.77362
6297,146.83804
6298,90.291794
6299,283.43222
6300,389.99683
6301,262.0558
6302,213.87698
6303,374.0666
6304,385.14438
6305,246.1872
6306,409.18997
6307,362.51053
6308,109.7305
6309,122.35912
6310,215.70157
6311,380.48038
6312,207.47287
6313,211.17488
6314,302.3303
6315,71.27631
6316,148.08392
6317,156.51558
6318,240.34343
6319,230.57893
6320,118.61096
6321,230.5893
6322,77.66077
6323,277.41022
6324,94.21334
6325,270.67636
6326,432.59103
6327,389.66312
6328,377.2151
6329,170.6054
6330,170.51875
6331,444.09094
6332,375.19406
6333,291.1826
6334,89.17692
6335,89.563644
6336,332.03238
6337,111.87944
6338,223.92
6339,71.29071
6340,358.8952
6341,132.18475
6342,78.610825
6343,39.869564
6344,37.69853
6345,68.51135
6346,99.394936
6347,99.937546
6348,144.01512
6349,71.6935
6350,71.15735
6351,72.04047
6352,70.50015
6353,380.76953
6354,130.36707
6355,127.76425
6356,66.13938
6357,73.82764
6358,346.56436
6359,331.34552
6360,328.70923
6361,136.18713
6362,205.87935
6363,90.0948
6364,179.77573
6365,86.781494
6366,342.96118
6367,185.63205
6368,376.15448
6369,130.72276
6370,382.98315
6371,162.12091
6372,175.61385
6373,86.44674
6374,285.65692
6375,436.22217
6376,258.0982
6377,260.04645
6378,406.5989
6379,402.6323
6380,272.16876
6381,404.468
6382,418.32642
6383,106.5906
6384,63.58111
6385,140.7411
6386,52.59704
6387,83.468285
6388,77.87301
6389,122.951126
6390,73.60551
6391,59.333305
6392,87.25223
6393,80.81068
6394,84.75453
6395,61.23375
6396,56.6326
6397,302.5331
6398,295.2918
6399,279.99475
6400,126.40372
6401,198.90361
6402,84.79306
6403,175.6947
6404,90.98968
6405,289.178
6406,177.733
6407,300.05508
6408,131.39407
6409,66.92989
6410,75.03064
6411,214.86908
6412,146.13116
6413,182.21793
6414,147.97456
6415,104.38077
6416,65.60512
6417,138.50626
6418,47.42167
6419,273.07898
6420,91.30702
6421,253.19144
6422,426.2814
6423,413.8269
6424,404.50168
6425,165.16081
6426,165.07417
6427,457.51584
6428,409.59583
6429,265.45612
6430,96.89029
6431,73.92294
6432,104.001915
6433,103.67382
6434,149.12166
6435,72.7798
6436,72.24365
6437,72.7363
6438,146.81422
6439,121.33292
6440,108.84881
6441,176.14122
6442,104.825584
6443,170.74718
6444,145.29044
6445,128.06645
6446,145.188
6447,121.35586
6448,108.87175
6449,175.7337
6450,104.848526
6451,171.06006
6452,145.45554
6453,128.08939
6454,119.80107
6455,134.78859
6456,193.75023
6457,124.86809
6458,219.60732
6459,169.28209
6460,81.88044
6461,201.09425
6462,122.91614
6463,138.85484
6464,195.37407
6465,128.78554
6466,219.60732
6467,171.94664
6468,81.88044
6469,202.68524
6470,113.24305
6471,114.18452
6472,54.678406
6473,62.564373
6474,140.92715
6475,136.898
6476,200.28691
6477,67.98162
6478,113.86896
6479,57.97148
6480,113.38521
6481,114.326675
6482,54.678406
6483,62.564373
6484,140.92715
6485,136.898
6486,200.28691
6487,67.98162
6488,115.89497
6489,57.97148
6490,111.137474
6491,145.41106
6492,64.45193
6493,63.455254
6494,251.17938
6495,115.465065
6496,73.30679
6497,131.5941
6498,133.26317
6499,110.2742
6500,143.2109
6501,64.45193
6502,63.455254
6503,248.23776
6504,113.01274
6505,73.30679
6506,131.65495
6507,132.317
6508,264.14398
6509,97.58547
6510,287.61365
6511,436.06107
6512,414.62564
6513,435.81882
6514,175.59827
6515,175.51163
6516,443.6851
6517,400.1566
6518,301.18826
6519,93.3064
6520,291.5284
6521,87.54022
6522,285.70117
6523,436.186
6524,451.5558
6525,443.33035
6526,162.62767
6527,162.54103
6528,454.61447
6529,442.73764
6530,299.2758
6531,93.3064
6532,257.76657
6533,86.87471
6534,237.43613
6535,413.07562
6536,395.35016
6537,393.13245
6538,161.09573
6539,161.0091
6540,448.21234
6541,383.99243
6542,248.47119
6543,91.77445
6544,183.71487
6545,132.79071
6546,141.82858
6547,84.50628
6548,131.75626
6549,198.51924
6550,179.09561
6551,290.28973
6552,289.9366
6553,172.67296
6554,180.46465
6555,130.65317
6556,394.30307
6557,147.86069
6558,174.68088
6559,88.537125
6560,289.7418
6561,425.0781
6562,259.47778
6563,224.53967
6564,382.00354
6565,365.9308
6566,274.01047
6567,384.9557
6568,414.147
6569,281.4953
6570,98.21096
6571,292.9836
6572,448.3517
6573,412.32327
6574,405.37094
6575,178.22017
6576,177.41846
6577,462.86624
6578,396.84985
6579,301.23337
6580,96.2516
6581,113.35102
6582,148.57256
6583,152.73158
6584,160.09874
6585,189.77823
6586,149.8613
6587,264.41153
6588,86.76345
6589,57.002056
6590,155.51378
6591,227.42348
6592,73.03634
6593,171.83691
6594,181.25641
6595,130.18163
6596,141.5899
6597,81.58932
6598,129.13358
6599,188.80931
6600,176.47293
6601,281.21786
6602,275.71805
6603,173.04709
6604,178.80617
6605,129.5162
6606,383.0145
6607,149.52673
6608,165.82652
6609,84.545204
6610,287.07788
6611,425.53802
6612,262.00134
6613,236.70543
6614,377.04724
6615,396.77414
6616,271.715
6617,398.27832
6618,409.67328
6619,150.58786
6620,125.17686
6621,112.69275
6622,183.08403
6623,107.81075
6624,179.3141
6625,151.57593
6626,134.73691
6627,228.024
6628,165.24826
6629,195.985
6630,145.4268
6631,374.81866
6632,414.69833
6633,246.50145
6634,370.13556
6635,161.72752
6636,382.52423
6637,233.74498
6638,164.55013
6639,86.716064
6640,228.60568
6641,156.75162
6642,192.3799
6643,156.70993
